评论,时间,点赞数
我喝过你喝过的西北风，那么我们算不算一样穷[思考],2021-02-05 12:50:32,65207
此时一个自信的少年打开了全民K歌[doge],2021-01-27 11:40:57,55711
听到这句歌词“我吹过你吹过的晚风，那我们算不算相拥”时，突然记起了这句话“两处相思同淋雪，此生也算共白头”,2021-01-29 22:25:06,37575
女朋友推荐来的她说“我吹过你吹过的晚风，那我们算不算相拥”这句歌词让她爱上了这首歌虽然现在我们相隔大半个中国，而且她是一名医生，蛮让我担心的，希望你可以好好的回到我身边吧，未来可期,2021-02-01 04:43:55,28708
“我和我的他，差了一个次元。”,2021-02-01 18:46:32,20587
我一个高一复读的高三生听到“自不量力的复读生完不成金榜题名的使命”的时候就已经哭的稀里哗啦了[大哭],2021-01-23 13:15:27,15033
我和我的纸片人男友们.jpg[酸了],2021-02-08 15:11:19,12894
我喝过你喝过的西北风~那我们算不算相拥[doge],2021-01-22 18:45:55,9249
艾辰25岁 当红中国内地歌手全民K歌第一个粉丝过千万的人歌曲酷狗播放量近2亿原创歌曲:《错位时空》《落》《愿》《离》《羡》《念》《东坡》《谁与归》《一抹柔情》《最高地位》《来不及说再见》《桃花凉》《初雪的谎言》《恋爱啦》《小橙子之歌》 《君不见》《归还》《移植》《甜蜜征兆》《心疼你的坦诚》《荒野》《想你》《花还在开》…,2021-01-22 20:42:07,22538
转发艾辰原创歌曲《错位时空》没有抄袭。歌词“我吹过你吹过的晚风，那我们算不算相拥”早在14年就是网络红句，而博主“德卡先生的信箱”于2015年收录的比句。艾辰工作室和尔盟已在微博发表声明，请理性看待。,2021-02-07 22:37:12,9638
艾辰--错位时空词  周仁  曲  张博文 编曲  陈林  分轨混音  Mr.鱼  制作人  艾辰  填不满半排观众的电影直到散场时突然亮起灯字幕定格在某某出品和发行我目送 他们行色匆匆像个自不量力的复读生完不成金榜题名的使命命不是猜剪刀石头布的决定那么任性我吹过你吹过的晚风那我们算不算 相拥可如梦初醒般的两手空空心也空我吹过你吹过的晚风是否看过同样 风景像扰乱时差留在错位时空终是空 是空数不完见证许愿的繁星没灵验谁来安慰坏心情十字路口闪烁不停的信号灯有个人 显然心事重重三个字 只能说给自己听仰着头不要让眼泪失控哪里有可以峰回路转的宿命我不想听我吹过你吹过的晚风那我们算不算 相拥可如梦初醒般的两手空空心也空我吹过你吹过的晚风是否看过同样 风景像扰乱时差留在错位时空终是空 是空我吹过你吹过的晚风空气里弥漫着 心痛可我们 最后 在这错位时空终成空我吹过你吹过的晚风空气里弥漫着 心痛可我们 最后 在这错位时空终成空 成空,2021-01-22 18:35:03,6492
这是她和我一起听的最后一首歌，那天过后她因为病情走了。而我什么都没有，只有她东西，照片，而我又不能跟她一起去。这半个月，自己躲家里，也不想见人。哭的哭不出来。我的丫头就这样没了。,2021-02-10 09:36:30,5644
填不满二分之一的尾款只到绝版时依然付不起只能下次复刻还是没钱买我目送他们钱包空空像个自不量力的初中生直到初三时还什么不会一看到试卷就像打了麻醉剂我还想睡我喝过你喝过的西北风那我们算不算相拥可如梦初醒般的试卷空空分也空我付过你付过尾款那我们算不算双子想扰乱时差留在王者峡谷终下课下课[doge],2021-01-23 20:00:34,5945
大家都说听这首歌心里想的喜欢的人，为什么我脑子里只有嗑的CP，这就是我万年单身狗的究极原因嘛,2021-02-14 18:56:05,3970
今日表白失败了，点个赞安慰一下吧。[哭泣],2021-02-15 01:10:26,5001
……瓶邪黑花人死在这里了,2021-01-28 13:45:58,4978
素材～《等雨》《约束》《避难所》《落下生》《悠久之翼》《十字路口》《你的名字》《天气之子》《海兽之子》《境界的彼方》《直到梦醒时分》《海边的异邦人》《Jose的虎与鱼们》《CHRONICLE》（还有几个是日语的番我不会打出来[笑哭][笑哭]）,2021-01-22 19:07:38,1718
和老婆，王者荣耀相识，从不同的晚风，到同淋一场雨。今天是我结婚的第五个月。,2021-02-03 21:51:32,2619
讲道理，唱的不错，旋律不错，就是有些地方的词感觉差点意思,2021-01-24 19:32:24,3228
刚才看到弹幕有个“我吹着来自西伯利亚的寒流”，然而寒暖流是指的洋流的性质，是海上的，西伯利亚高压是陆地上的哦(来自耿直的小理生),2021-02-10 20:12:12,1393
我喝过你喝过的西北风，那么我们算不算一样穷[思考],2021-02-05 12:50:32,65207
此时一个自信的少年打开了全民K歌[doge],2021-01-27 11:40:57,55711
听到这句歌词“我吹过你吹过的晚风，那我们算不算相拥”时，突然记起了这句话“两处相思同淋雪，此生也算共白头”,2021-01-29 22:25:06,37575
女朋友推荐来的她说“我吹过你吹过的晚风，那我们算不算相拥”这句歌词让她爱上了这首歌虽然现在我们相隔大半个中国，而且她是一名医生，蛮让我担心的，希望你可以好好的回到我身边吧，未来可期,2021-02-01 04:43:55,28708
“我和我的他，差了一个次元。”,2021-02-01 18:46:32,20587
我一个高一复读的高三生听到“自不量力的复读生完不成金榜题名的使命”的时候就已经哭的稀里哗啦了[大哭],2021-01-23 13:15:27,15033
我和我的纸片人男友们.jpg[酸了],2021-02-08 15:11:19,12894
我喝过你喝过的西北风~那我们算不算相拥[doge],2021-01-22 18:45:55,9249
艾辰25岁 当红中国内地歌手全民K歌第一个粉丝过千万的人歌曲酷狗播放量近2亿原创歌曲:《错位时空》《落》《愿》《离》《羡》《念》《东坡》《谁与归》《一抹柔情》《最高地位》《来不及说再见》《桃花凉》《初雪的谎言》《恋爱啦》《小橙子之歌》 《君不见》《归还》《移植》《甜蜜征兆》《心疼你的坦诚》《荒野》《想你》《花还在开》…,2021-01-22 20:42:07,22538
转发艾辰原创歌曲《错位时空》没有抄袭。歌词“我吹过你吹过的晚风，那我们算不算相拥”早在14年就是网络红句，而博主“德卡先生的信箱”于2015年收录的比句。艾辰工作室和尔盟已在微博发表声明，请理性看待。,2021-02-07 22:37:12,9638
艾辰--错位时空词  周仁  曲  张博文 编曲  陈林  分轨混音  Mr.鱼  制作人  艾辰  填不满半排观众的电影直到散场时突然亮起灯字幕定格在某某出品和发行我目送 他们行色匆匆像个自不量力的复读生完不成金榜题名的使命命不是猜剪刀石头布的决定那么任性我吹过你吹过的晚风那我们算不算 相拥可如梦初醒般的两手空空心也空我吹过你吹过的晚风是否看过同样 风景像扰乱时差留在错位时空终是空 是空数不完见证许愿的繁星没灵验谁来安慰坏心情十字路口闪烁不停的信号灯有个人 显然心事重重三个字 只能说给自己听仰着头不要让眼泪失控哪里有可以峰回路转的宿命我不想听我吹过你吹过的晚风那我们算不算 相拥可如梦初醒般的两手空空心也空我吹过你吹过的晚风是否看过同样 风景像扰乱时差留在错位时空终是空 是空我吹过你吹过的晚风空气里弥漫着 心痛可我们 最后 在这错位时空终成空我吹过你吹过的晚风空气里弥漫着 心痛可我们 最后 在这错位时空终成空 成空,2021-01-22 18:35:03,6492
这是她和我一起听的最后一首歌，那天过后她因为病情走了。而我什么都没有，只有她东西，照片，而我又不能跟她一起去。这半个月，自己躲家里，也不想见人。哭的哭不出来。我的丫头就这样没了。,2021-02-10 09:36:30,5644
填不满二分之一的尾款只到绝版时依然付不起只能下次复刻还是没钱买我目送他们钱包空空像个自不量力的初中生直到初三时还什么不会一看到试卷就像打了麻醉剂我还想睡我喝过你喝过的西北风那我们算不算相拥可如梦初醒般的试卷空空分也空我付过你付过尾款那我们算不算双子想扰乱时差留在王者峡谷终下课下课[doge],2021-01-23 20:00:34,5945
大家都说听这首歌心里想的喜欢的人，为什么我脑子里只有嗑的CP，这就是我万年单身狗的究极原因嘛,2021-02-14 18:56:05,3970
今日表白失败了，点个赞安慰一下吧。[哭泣],2021-02-15 01:10:26,5001
……瓶邪黑花人死在这里了,2021-01-28 13:45:58,4978
素材～《等雨》《约束》《避难所》《落下生》《悠久之翼》《十字路口》《你的名字》《天气之子》《海兽之子》《境界的彼方》《直到梦醒时分》《海边的异邦人》《Jose的虎与鱼们》《CHRONICLE》（还有几个是日语的番我不会打出来[笑哭][笑哭]）,2021-01-22 19:07:38,1718
和老婆，王者荣耀相识，从不同的晚风，到同淋一场雨。今天是我结婚的第五个月。,2021-02-03 21:51:32,2619
讲道理，唱的不错，旋律不错，就是有些地方的词感觉差点意思,2021-01-24 19:32:24,3228
刚才看到弹幕有个“我吹着来自西伯利亚的寒流”，然而寒暖流是指的洋流的性质，是海上的，西伯利亚高压是陆地上的哦(来自耿直的小理生),2021-02-10 20:12:12,1393
弹幕给我整笑又整吐，我开的十级屏蔽啊草。“十四岁的爱情最单纯”小孩，多学习，别整这些虚巴的熬，乖[吃瓜]再补一句，歌还挺好听的,2021-02-16 13:39:02,1827
复读生也可以金榜题名,2021-02-01 17:02:04,1221
第一次听 有点感觉第二次听 很好听，有点上头第三次听 我吹过你吹过的冷风(跟着哼),2021-01-24 21:15:14,1034
柔柔选在了瓜开的日子更视频[doge],2021-01-22 20:20:15,1059
明明自己都活的不像个人样，却还是一次一次的心疼别人，真是可笑,2021-01-29 09:52:36,1149
看到艾柔柔更新我啪的一下就点进来了。很快奥[doge],2021-01-22 18:01:29,1122
老婆离开我102天了，希望平行时空里，还有个我，要一直好好爱她！我，抓不住她了…,2021-02-11 21:06:37,693
看完墨茶的动态，再听这首歌真的感触好深,2021-01-23 18:00:21,1387
我也算是个小橙子吧，从18年愚人节《初雪的谎言》开始，那首歌知名度应该不高，但莫名很戳我，然后就从荔枝追到了斗鱼，那段时间几乎每天都蹲点看直播，那应该是我第一次这么喜欢一个人。      后来他越来越优秀了，我还是总能想起他直播时谈的梦想，比起喜欢，我更多的佩服他，因为在此前我从来没想过梦想竟然会对一个人产生那么大的影响，同时我羡慕着他，这种羡慕很莫名其妙，也许是因为我没有像他一样坚持下来的勇气。      后来因为各种各样的事，有很常一多时间没有关注他，不知道在什么时候，突然发现他和我印象中不太一样了，拍抖音视频，时不时的露脸，开网店，把签名当做粉丝福利……我知道这很正常，但有时会产生一种怪异的落差，而且最近刚发的两三首歌也没怎么听，仔细想想，最喜欢的还是《移植》《桃花凉》《落》和一些很早之前翻唱的歌。      他粉丝很多了，看直播时（不知道是不是真的）发现很多才十二三岁，所以新歌评论大部分风格差不多，写艾辰喜好，艾辰语录，还有无脑夸新歌好听的（有很多发歌不到一分钟就评好听的），有小部分甚至不接受批评，让人头大。。。     我没看过什么《终极笔记》，也不清楚《错位时空》是怎么火的。我不懂音乐，只是觉得旋律很好，词一般，唱腔……很耳熟（从《东坡》开始就这样了。。。）只希望粉丝理智一点，也要清楚“他已经努力了”不是“他不需要进步”的借口和理由。      艾辰加油[爱心]                                               ――2021.02.04,2021-02-04 18:32:17,592
我就随便说说别喷我哦(=・ω・=)说的不对请指正~以下只是个人见解:这首歌的歌词有的小伙伴说乱，那我就来梳理一下。这首歌的主人公（即我）应该是因为某种原因与其爱人分离（个人感觉就是失恋叭）整首歌的旋律较为心痛与哀婉。低潮像是在讲自己的人生是一场失败的电影，没有多少观众（可能指的是没有什么可以交心的人），而且最后，他们这些仅有的观众（即朋友）也行色匆匆地离去了。然后这首歌开始用比喻的手法，将“我”比做一个自不量力的复读生，完不成金榜题名的使命。这里可能指的就是“我”很没用，我就像那个复读生一样，他没有金榜题名，我也没能拥有属于自己的爱情……于是开始感慨，命就是这样，不能任性，不能草率决定。高潮是前面情绪的一个爆发。回想了自己的失败后，便想起了他/她，也就是主人公的恋人。你是我的精神支柱……可是你现在不见了……“我吹过你吹过的晚风，那我们算不算相拥……”这段高潮其实很好理解，就是梦里梦见爱人，醒来落空的怅然，像时空错乱般无法相见，终究是空（可我仍期望与他/她在错位时空相见，假如现实中不能相见的话）。第二段低潮，我对繁星许愿，却还是不能与爱人相见。我心情低落，心事重重，连“我爱你”这三个字都只能说给自己听。宿命不能改……然后是第二段高潮，重复第一段的。结尾在错位时空中，我们终究成空……是个大悲剧啊……歌词我觉得写的还是可以的，前面的歌词可能是乱了点，但也是在点题，也感受到了“我”的悲伤和思绪混乱叭。最后说一句“艾爹唱的好听哦(｀・ω・´)，我能深刻体会到刻骨铭心的爱(｡･ω･｡)。”,2021-02-03 13:35:48,581
循环瓶邪人已经没了,2021-01-29 15:06:15,611
这个唱法真的有点难受，感觉词和高潮部分都词也不太对，怎么就感觉只有高潮部分比较抓耳好听啊，希望出更好的作品吧[笑哭],2021-01-26 23:00:04,2090
好多人在这首歌里听到爱情，可我却想起了我的父亲。“我吹过你吹过的晚风，那我们算不算相拥”，我还是不能接受你的突然离去，所以我一直在安慰自己。,2021-02-09 12:31:57,285
我太爱我们广播室了！！！星期三傍晚它放了老大的《错位时空》！！！,2021-01-22 18:43:57,369
我挨过你挨过的冰雹，那我们算不算互殴[偷笑],2021-02-06 10:52:37,259
祝b站得女孩✨小巧玲珑 明眸皓润✨               转✨国色天姿 国色天香✨✨惜香怜玉 羞花闭月✨✨闭月羞花 皓齿明眸✨✨婀娜多姿 仪态万千✨✨仪态万方 德容兼备✨✨千娇百媚 千娇百态✨✨小鸟依人 百媚千娇✨✨杏脸桃腮 袅袅婷婷✨✨体态轻盈 艳美无敌✨✨艳丽夺目 亭亭玉立✨✨秀外惠中 秀外慧中✨✨闭月羞花 才貌双全✨✨才貌双全 玉骨冰肌✨✨如花似玉 衣香鬓影✨✨眉清目秀 闭月羞花✨✨沉鱼落雁 倾国倾城✨✨温婉娴淑 千娇百媚✨✨仪态万千 国色天香✨✨花容月貌 明目皓齿✨✨淡扫峨眉 清艳脱俗✨✨香肌玉肤 仪态万端✨✨婉风流转 美撼凡尘✨✨聘婷秀雅 娥娜翩跹✨✨俏丽多姿 风姿卓越✨✨顾盼流转 清丝纠缠✨✨举步轻摇 艳冠群芳✨✨剪水双瞳 美艳绝伦✨✨神仙玉骨 楚楚动人✨✨如花似玉 闭月羞花✨✨沉鱼落雁 倾国倾城✨✨千娇百媚 明目皓齿✨✨淡扫峨眉 清艳脱俗✨✨香肌玉肤 婉风流转✨✨美撼凡尘 聘婷秀雅✨✨娥娜翩跹 俏丽多姿✨✨风姿卓越 顾盼流转✨✨清丝纠缠 举步轻摇✨✨剪水双瞳 美艳绝伦✨✨神仙玉骨 如花似玉✨✨一代佳人 一代容华✨✨红粉佳人 红粉青娥✨✨天生尤物 姑射神人✨✨绝色美人 月里嫦娥✨✨人面桃花 天生丽质✨✨天香国色 仙资玉质✨✨妍资艳质 夭桃秾李✨✨色艳桃李 华如桃李✨✨桃羞杏让 如花似月✨✨羞花闭月 花容月貌✨✨芙蓉如面 粉白黛黑✨✨娇艳惊人 冠觉群芳✨✨风华绝代 秀色可餐✨✨沉渔落雁 倾国倾城✨✨明眸皓齿 粉妆玉琢✨✨桃腮杏脸 樱桃小口✨✨婀娜多姿 丰姿绰约✨✨娉婷袅娜 国色天姿✨✨倾国倾城 国色天香✨✨婀娜多姿 亭亭玉立✨✨粉面桃花 肤如凝脂✨✨声若莺啼 明眸皓齿✨✨花容月貌 风华绝代✨✨楚楚动人 冰清玉洁✨✨杨柳细腰 气质清纯✨✨容颜秀美 婉约可人✨✨天生丽质 美丽大方✨✨清秀大方 体态轻盈✨✨气质高雅 温柔体贴✨✨知书达礼 仪态万千✨✨艳冠群芳 楚楚动人✨✨秀外慧中 风情万种✨✨知书达理 温文尔雅✨✨空谷幽兰 超凡脱俗✨✨兰心蕙质 秀外慧中✨✨风华绝代 翩若惊鸿✨✨矫若游龙 温婉娴淑✨✨通情达理 温柔体贴✨❤❤❤❤❤❤❤❤❤❤祝b站得男孩娶上这样的女孩[歪嘴],2021-02-11 23:09:42,477
词  周仁  曲  张博文  OP  腾煌星象  出品  网易飓风工作室  编曲  陈林  分轨混音  Mr.鱼  制作人  艾辰  贝斯  谭玮  吉他  望雷  监制／统筹  孙斌@子文沐凡  贴唱／和声  沙栩帆  企划  丁柏昕/袁晓童  宣发  徐思灵  出品人  谢奇笛/凌联兴填不满半排观众的电影直到散场时突然亮起灯字幕定格在某某出品和发行我目送 他们行色匆匆像个自不量力的复读生完不成金榜题名的使命命不是猜剪刀石头布的决定那么任性我吹过你吹过的晚风那我们算不算 相拥可如梦初醒般的两手空空心也空我吹过你吹过的晚风是否看过同样 风景像扰乱时差留在错位时空终是空 是空数不完见证许愿的繁星没灵验谁来安慰坏心情十字路口闪烁不停的信号灯有个人 显然心事重重三个字 只能说给自己听仰着头不要让眼泪失控哪里有可以峰回路转的宿命我不想听我吹过你吹过的晚风那我们算不算 相拥可如梦初醒般的两手空空心也空我吹过你吹过的晚风是否看过同样 风景像扰乱时差留在错位时空终是空 是空我吹过你吹过的晚风空气里弥漫着 心痛可我们 最后 在这错位时空终成空我吹过你吹过的晚风空气里弥漫着 心痛可我们 最后 在这错位时空终成空 成空,2021-01-22 18:05:41,277
好家伙，老艾b站密码终于想起来了?,2021-01-22 18:14:08,235
加个泪痣？感情宁要给亚瑟家再加一座岛？,2021-07-10 23:32:50,165
八骏日行三万里，穆王何事不重来我命运般的小嫂子啊啊啊啊[大哭][大哭][大哭][大哭],2021-02-01 20:36:30,224
(复制 )来，我发一下大家想要的道歉:1头像描图亚瑟，已找到原画师，请向原画师道歉，画师本人素质好被偷了东西不追究不代表小偷是对的，不代表小偷有脸继续使用这些东西2看番剧的友善提醒换头像，ac回复:来告我啊，求求你了。足以看出此人素质低下，无版权意识，建议ac的歌可以全部无授权使用，毕竟这是本人的态度(虽然估计没人瞧的上)3直播辱骂看番剧的人“疯狗”“小学生暑假啦”，并嘲讽番剧根本没人看，不配让他道歉4加一条，5年前就开始偷aph的东西了，是个惯犯来洗地的粉丝，你giegie这三点道歉，他做到哪点了?随便转发，不客气[脱单doge],2021-07-19 20:58:52,186
歌词有惊艳的地方，但也有笔力不够的地方。比如什么空空，心也空。真得有点水，白瞎了这样好的主题，完全可以更好。起风了那样的词才牛,2021-01-30 12:51:38,394
同志们 咱狙他的目的是为了让他道歉，事情闹大了谁也不好看  建议大家不要进行人身攻击给圈子招黑，就事论事，“某某唱见被某圈粉丝逼到退圈”这肯定会给圈子带来影响。希望大家能克制情绪，不要让别人抓住把柄,2021-07-19 18:56:03,151
落泪了姐妹们  俺是英厨[大哭][大哭]  看到我们宝贝亚瑟这么努力学中文唱歌，我真是太感动了呜呜呜呜呜呜呜呜呜呜呜呜呜呜呜呜呜呜呜呜呜呜呜呜呜呜呜呜呜呜呜呜呜呜呜呜呜呜呜呜呜呜呜呜呜呜呜呜呜呜呜呜呜呜呜呜呜呜呜呜呜呜呜呜呜呜呜呜呜呜呜呜呜呜呜呜呜呜呜呜呜呜呜呜呜呜呜呜呜呜呜呜呜呜呜呜呜呜呜呜呜呜呜呜呜呜呜呜呜呜呜呜呜呜呜呜呜呜呜呜呜呜呜呜呜呜呜呜呜呜呜呜呜呜呜呜呜呜呜呜呜呜呜呜呜呜呜呜呜呜呜呜呜呜呜呜呜呜呜呜呜呜呜呜呜呜呜呜呜呜呜呜呜呜呜呜呜呜呜呜呜呜呜呜呜呜呜呜呜呜呜[大哭],2021-07-15 09:22:05,150
各位！！我转一下一位姐妹的话想去k歌对线的请一定要记住：各位养老院的亲们也注意不要被抓把柄了，这ac机灵得很，知道删不利评论，保留那些过激评论。我好多理智评论都被删的干干净净，稍微不理智的被全盘保留。ac就故意做给粉丝看，他想让粉丝以为他有理，帮他脏手,2021-07-19 16:43:14,173
“去到你的城市，吹过你吹过的风，算不算相拥。” ——德卡先生的信箱,2021-02-07 17:13:01,656
好看的高攀不起，丑的又瞧不上，真是可悲啊，好不容易找到了自己的归宿，结果只是暂住几天。,2021-02-04 11:53:50,176
"抱抱英sir，中文真的超难学的，像我们这些有母语环境的还好，真是辛苦你来b站当中文唱见了，虽然你总是跟对面尼桑吵架但是也不至于呜呜呜呜[大哭]希望你在这里过的好些，我会一直支持你的[大哭][大哭]Welcome to bilibili, Mr.Kirkland.",2021-07-15 07:21:29,132
希望那边有吃不完的草莓和饺子,2021-01-26 02:54:17,216
这几天都准备写本有点压抑的小说，谢谢这首歌，我最近都没有什么灵感，这首歌来的正好。,2021-01-23 08:06:13,138
您不解释一下“开了守护就是我的人了，把你以前的什么亚瑟通通忘掉”这是什么意思吗？不怕英厨冲过来把你端了？,2021-07-16 01:40:44,109
在？头像？？？宁也是亚瑟殖民地？？？,2021-07-10 23:21:58,120
呜呜呜呜泪目了家人们，仏仏他天天和亚瑟吵架，踢球还输了，整个欧洲都排挤他，他只能背井离乡，哥哥也不挽留，来到老朋友家，怕老朋友知道了笑他，只能整容整声带，还有装骚受，唱黄歌，苦练中文呜呜呜呜，太感动太励志了,2021-07-14 23:41:26,107
我想升级，所以给我点个赞吧[委屈][委屈],2021-02-10 14:08:10,201
我把骂它的评论都赞了一遍，老铁们我做的对吗[呲牙],2021-07-14 11:24:59,111
亚瑟有这么多明珠，你是哪个[微笑],2021-07-14 10:52:54,119
这个事情闹大了两边都不好看，况且也不是什么大事，赶紧道个歉这件事也就平了，都成年人了，也该为自己的行为负责了吧？这也是对喜欢“亚瑟·柯克兰”和“黑塔利亚”这个动漫的人群的尊重，更是对你的粉丝的负责。现在道歉，都不算晚,2021-07-14 09:14:51,96
艾辰：写尽千山，落笔是你。望尽星辰，梦里是你。三分月色，七分是你。书尽泛黄，扉页是你。繁华落尽，枕畔是你。行尽万水，尽头是你。千山万水，归处是你。铁马是你，冰河也是你。 你是往日的情书是日落的余情未了是路人脚下不停生长的风也是我喜欢的人艾辰，往后余生都是你,2021-01-22 18:07:46,177
班级作业来的[捂眼],2021-01-22 18:15:16,123
好船组头像用的很爽是吧，踹养老院很爽是吧，真因为养老院没人是吧，什么垃圾也来碰瓷养老院,2021-07-14 10:24:29,89
换头像，已经不是一次两次了，那么大个up不能自己约稿吗？笑死了,2021-07-10 17:43:11,87
艾辰16年就喜欢的一位歌手，全民第一个关注的那时候我才10岁hhh笙歌家族我也加过当时我还在九群呢，记得现场在歌房听过艾辰唱歌。渐渐的长大了笙歌好像因为一件事变了不叫笙歌了，艾辰我一直关注，桃花凉，落，东坡等我都很喜欢呀，希望艾辰越来越好，永远爱你。最后辰风破浪，为艾远航[打call],2021-02-04 22:22:58,122
虽然已经说过一次了但似没引起你注意女真当黑塔利亚没人是吗怎么什么都敢碰瓷也是艾辰几年的粉丝了希望针对这件事能赶紧道个歉不要把事情闹大了对双方粉丝也能有个交代我自己本身就是双厨最近几年黑塔利亚经常被踹门（懂得都懂）抛开别的光是描图当头像就不对吧或者说如果有版权的话就表明出来也不会有误会包括就是既然已经做出了决定就要承担相应的后果这种事不仅对自身不利而且粉丝会怎么想总而言之就是别描图别碰瓷谢谢别把别人的东西当自己的,2021-07-19 18:02:03,78
亲爱的，解释解释头像问题呗！[鼓掌],2021-07-10 09:32:15,87
我以为艾辰糊了，没想到是我来早了[doge],2021-01-23 11:51:11,94
用酷狗的哭了，没版权了[大哭]只能在B站循环了[大哭],2021-01-24 10:53:58,108
艾辰的原头像是黑塔利亚人物:亚瑟·柯克兰，加上了自己的元素，很多人希望艾辰换个头像，可他头像没有换并且说话很难听，因为态度恶劣并且占着我们喜欢的人物描图所以我们来冲艾辰，希望头脑清醒的姐妹理智脱粉，有些不明所以的姐妹可以代入自己非常喜欢的角色被人描图做头像，不但不换头像且态度十分恶劣，我相信你如果不是找不愉快就应该理智脱粉，离这种晦气的人远一些。希望大家都能理智，清醒，如果这条被删掉，我还是会发，直到艾辰道歉为止！谢谢大家看完这段话。（转）,2021-07-14 18:13:08,74
ac死不悔改真就离谱，抄谁不好抄亚瑟，而且眉毛都没改。还点了个泪痣，这难道是葡哥和亚瑟的孩子「？」真就当养老院没装门了你抄袭时的笑容都没亚瑟甜死不悔改的模样真特/么刺眼热爱抄袭描图的你坚持“自我”还不道歉你不知道你有多傻/缺做错事还煽动粉丝不道歉你从来都不轻言失败对错误的态度从未变换很疑惑 当你这样说快告了我吧求求你了啊踹开养老院大门你那侵权的模样,2021-07-16 10:00:20,83
头像描图都不带改一下，不给解释吗？,2021-07-10 13:05:44,71
愿天堂有吃不完的草莓和饺子,2021-01-26 19:56:15,107
连我这种2G网都听说了。。。我是阴阳怪气和APH的双粉，在这狙你你也八成看不见，只能说你粉丝真像虾爬子，估计有不少也喜欢肖战割割。看样子你是不准备道歉了，跟你那群无脑粉对线也没啥意思，继续产粮了。我还真不知道为什么都是喜欢一个人，有些粉丝能完全否认那个人做过的错事，将他神圣化，还反客为主的去骂受害者，有些粉丝能接受那个人做过的错事，希望他能认识到自己的错误并改正，甚至不想他回来只盼望着他能正确且开心的生活。做一个尚且存有一些理智的粉丝有这么难吗？,2021-07-18 23:12:12,77
“我吹过你吹过的晚风 那我们算不算相拥”,2021-01-22 18:02:36,82
"艾辰黑历史合集：均  已  石  锤1.原头像描图亚瑟柯克兰，态度极其恶劣，且并不是全然无知，17年用原图做过头像2.视频《痒》直接盗用aph的图(小菊亚瑟)（【艾辰】痒（受音&攻音）骚起来自己都害怕自己）3.无版权翻唱撒野还魔改4.现头像人设是偷的零度恋人的，来人细说5.《念》Pv是描冰菓的6.酷狗音乐《醉赤壁》，网易云音乐《入戏太深》《踏山河》用的是英的那张图7.弦森要求《千灯愿》全网下架后艾辰继续翻唱，弦森礼貌提醒其删除后被拒绝，其粉丝还去骂弦森8.盗图《恋与制作人》中的白起9.网易云音乐《情话》封面是本田菊和本田樱的同人图10.微博小店仍试用亚瑟柯克兰的图片作为头像11.使用动漫《文豪野犬》作为视频素材没有标明出处（【艾辰】——感官先生，视频名叫“感官先生”）12.《君不见》（【艾辰】君不见）碰瓷剑网三13.《明灯引》歌词灵感来于《天官赐福》但不让说，歌词抄袭《天官赐福》，封面歌名也碰瓷该作品14.初期头像描图排骨教主15.碰瓷《二哈和他的白猫师尊》主题曲16.现B站背景为《黑塔利亚》角色亚瑟.柯克兰之前被侵权描改做头像那张图的翻描，而原作者曾表示禁止再次使用。  17.轻视绘圈，之前找画手约头像的时候有明显侮辱言论""赚钱的活还不干""(意思就是画手人均见钱眼开)",2021-08-01 04:52:31,66
ac一发出视频，所有养老院的姐妹就看着它笑，有的叫道：“ac，你弹幕评论又被我们刷满了！”他不回答，在直播里对粉丝说：“这群疯狗人不多。”便继续拒绝道歉。姐妹们又故意高声嚷道：“你一定偷了人家的图！！”ac睁大眼睛说：“你怎么这样凭空污人清白……”“什么清白？我们亲眼见你盗了亚瑟的图作头像，吊着打。”ac便涨红了脸，脸上的青筋条条绽出，争辩道：“盗图不能叫偷……盗图！唱见的事，能叫偷么？”接连便是难懂的话，什么“道德绑架”，什么“不用理那些人”，什么“没有资格让我跟他们道歉”，引得众人都哄笑起来，养老院内外充满了快活的空气。,2021-07-16 10:14:54,65
同志们 咱狙他的目的是为了让他道歉，事情闹大了谁也不好看  建议大家不要进行人身攻击给圈子招黑，就事论事，“某某唱见被某圈粉丝逼到退圈”这肯定会给圈子带来影响。希望大家能克制情绪，不要让别人抓住把柄,2021-07-19 11:27:04,63
艾辰的头像是黑塔利亚人物:亚瑟·柯克兰，加上了自己的元素，很多人希望艾辰换个头像，可他头像没有换并且说话很难听，因为态度恶劣并且占着我们喜欢的人物描图所以我们来冲艾辰，希望头脑清醒的姐妹理智脱粉，有些不明所以的姐妹可以代入自己非常喜欢的角色被人描图做头像，不但不换头像且态度十分恶劣，我相信你如果不是找不愉快就应该理智脱粉，离这种晦气的人远一些。希望大家都能理智，清醒，如果这条被删掉，我还是会发，直到艾辰道歉为止！谢谢大家看完这段话。（from@黑兔_YaYaNou ）,2021-07-14 19:01:00,63
道歉，给亚瑟道歉，给所有英厨道歉，给私信你换头像结果被你回不换咋地的姐妹道歉,2021-07-13 14:29:52,63
词曲编曲都不是他啊，我还想夸有才华？艾辰，一个碰瓷多个圈子，而且就是那种刮刮蹭蹭地碰瓷，跟他对线拉低圈子名誉，不对线又觉得这人像苍蝇一样烦,2021-07-19 20:40:22,62
我来了姐妹们[脱单doge][脱单doge]ac一发出视频，所有养老院的姐妹就看着它笑，有的叫道：“ac，你弹幕评论又被我们刷满了！”他不回答，在直播里对粉丝说：“这群疯狗人不多。”便继续拒绝道歉。姐妹们又故意高声嚷道：“你一定偷了人家的图！！”ac睁大眼睛说：“你怎么这样凭空污人清白……”“什么清白？我们亲眼见你盗了亚瑟的图作头像，吊着打。”ac便涨红了脸，脸上的青筋条条绽出，争辩道：“盗图不能叫偷……盗图！唱见的事，能叫偷么？”接连便是难懂的话，什么“道德绑架”，什么“不用理那些人”，什么“没有资格让我跟他们道歉”，引得众人都哄笑起来，养老院内外充满了快活的空气。鲁迅先生yyds！！[脱单doge][脱单doge][脱单doge],2021-07-15 15:37:31,61
用着日漫的画面 嘴里说着不爱国 老双标了[吐],2021-07-20 01:05:12,68
三级号是个可爱的小生物，路过的每个哥哥姐姐都会摸摸他的头并且留下一个赞。(=・ω・=),2021-02-14 19:30:20,88
“亚瑟能给你们发原创歌曲吗？”,2021-07-19 22:52:14,58
一大阿婆还要描图头像,2021-07-10 19:07:23,58
我喝过你喝过的西北风，那我们算不算一起穷,2021-01-22 21:00:34,84
三个字？告  我  啊,2021-07-13 20:01:14,57
头像描图你很牛？[笑][呆],2021-07-10 13:58:19,57
我愿称之为大龄儿童踹养老院大门,2021-07-14 09:34:17,55
错位时空像别的歌因为没石锤我没计较。但你头像描图亚瑟是不是有点过了？,2021-07-11 01:16:02,55
突然想起来了以前暗恋的一个男生。毕业的那天，我一个人回家，突然发现后面有辆自行车，是我暗恋的那个男生的。我没有回头和他打招呼，他也没有骑到前面来和我打招呼。我就一路走回了家，他就骑着自行车在我后面，一直小心着不超过我。后来就再也没见过面了。,2021-02-13 03:13:10,74
欢迎大家继续翻它黑历史，我可以来总结:[脱单doge]1原头像描图亚瑟柯克兰，态度极其恶劣2视频直接盗用aph的图(小菊亚瑟)3无版权翻唱撒野还魔改4现头像人设是偷的零度恋人的，来人细说[脱单doge](还有一个不确定的，说是初期头像描图排骨教主)希望大家多多发现[脱单doge]大家可以转下这个[脱单doge]随便扩散，这种人品的家伙指不定哪里又翻出来黑历史呢,2021-07-15 19:05:46,91
艾辰代表作:《告 我 啊》《不 换 咋 地》《一 群 疯 狗》《我 做 你 们 的 亚 瑟》《他 没 给 粉 丝 写 过 歌 吧》,2021-07-20 15:39:16,54
当你点开按时间的那一刻我就知道你是友军了[脱单doge][脱单doge],2021-07-16 18:35:26,54
欢迎大家继续翻它黑历史，我可以来总结:[脱单doge]头像描图，态度极其恶劣视频直接盗用aph的图(还有一个不确定的，说是初期头像描图排骨教主，以及，撒野那事希望来个朋友细说[脱单doge])希望大家多多发现[脱单doge],2021-07-14 23:52:08,54
描图不打算道歉了这是,2021-07-10 13:19:03,54
呜呜呜呜呜呜呜呜呜呜呜亚瑟宝原来那么努力练习中文吗呜呜呜呜呜呜呜呜呜呜呜呜呜呜呜呜呜呜呜呜呜路转粉了呜呜呜呜呜呜呜呜,2021-07-15 11:52:36,53
【转发】艾辰黑历史合集：均  已  石  锤1.原头像描图亚瑟柯克兰，态度极其恶劣，且并不是全然无知，17年用原图做过头像2.视频《痒》直接盗用aph的图(小菊亚瑟)（【艾辰】痒（受音&攻音）骚起来自己都害怕自己）3.无版权翻唱撒野还魔改4.现头像人设是偷的零度恋人的，来人细说5.《念》Pv是描冰菓的6.酷狗音乐《醉赤壁》，网易云音乐《入戏太深》《踏山河》用的是英的那张图7.弦森要求《千灯愿》全网下架后艾辰继续翻唱，弦森礼貌提醒其删除后被拒绝，其粉丝还去骂弦森8.盗图《恋与制作人》中的白起9.网易云音乐《情话》封面是本田菊和本田樱的同人图10.微博小店仍试用亚瑟柯克兰的图片作为头像11.使用动漫《文豪野犬》作为视频素材没有标明出处（【艾辰】——感官先生，视频名叫“感官先生”）12.《君不见》（【艾辰】君不见）碰瓷剑网三13.《明灯引》歌词灵感来于《天官赐福》但不让说，歌词抄袭《天官赐福》，封面歌名也碰瓷该作品14.初期头像描图排骨教主15.碰瓷《二哈和他的白猫师尊》主题曲16.现B站背景为《黑塔利亚》角色亚瑟.柯克兰之前被侵权描改做头像那张图的翻描，而原作者曾表示禁止再次使用。  ,2021-07-19 18:14:17,51
我来了姐妹们[脱单doge][脱单doge]ac一发出视频，所有养老院的姐妹就看着它笑，有的叫道：“ac，你弹幕评论又被我们刷满了！”他不回答，在直播里对粉丝说：“这群疯狗人不多。”便继续拒绝道歉。姐妹们又故意高声嚷道：“你一定偷了人家的图！！”ac睁大眼睛说：“你怎么这样凭空污人清白……”“什么清白？我们亲眼见你盗了亚瑟的图作头像，吊着打。”ac便涨红了脸，脸上的青筋条条绽出，争辩道：“盗图不能叫偷……盗图！唱见的事，能叫偷么？”接连便是难懂的话，什么“道德绑架”，什么“不用理那些人”，什么“没有资格让我跟他们道歉”，引得众人都哄笑起来，养老院内外充满了快活的空气。鲁迅先生yyds！！[脱单doge][脱单doge][脱单doge],2021-07-15 11:02:18,50
听着这歌想起墨茶，第四次破防大哭......,2021-01-28 02:00:32,68
各位小橙子们翻翻族谱看看是谁关注的up主更新了[妙啊],2021-01-22 19:26:01,73
艾辰黑历史（请多多宣传一下）1，骂阴阳怪气，说他们只是炒作。2.原头像描图亚瑟柯克兰，态度极其恶劣 3.视频《痒》直接盗用aph的图(小菊亚瑟)（【艾辰】痒（受音&攻音）骚起来自己都害怕自己） 4.无版权翻唱撒野还魔改 5.现头像人设是偷的零度恋人的，来人细说 6.《念》Pv是描冰果的 7.酷狗音乐《醉赤壁》用的是英的那张图 8.弦森要求《千灯愿》全网下架后艾辰继续翻唱，弦森礼貌提醒其删除后被拒绝，其粉丝还去骂弦森 9.盗图《恋与制作人》中的白起 10.网易云音乐《情话》封面是本田菊和本田樱的同人图 11.微博小店仍试用亚瑟柯克兰的图片作为头像 12.使用动漫《文豪野犬》作为视频素材没有标明出处（【艾辰】——感官先生） 13.《君不见》（【艾辰】君不见）碰瓷剑网三 14.《明灯引》歌词灵感来于《天官赐福》但不让说，歌词抄袭《天官赐福》，封面歌名也碰瓷该作品 15.初期头像描图排骨教主 16.碰瓷《二哈和他的白猫师尊》主题曲 17.现B站背景为《黑塔利亚》角色亚瑟.柯克兰之前被侵权描改做头像那张图的翻描，而原作者曾表示禁止再次使用。 （总结的，欢迎补充复制）,2021-07-18 05:46:17,49
英sir🇬🇧入b站啦[打call]！！！welcome to China！！！[给心心],2021-07-17 01:57:17,49
翻了这么多评论都是说亚蒂来当唱见的，这群人怎么能这样！我nori的歌比它强好多好吧？这波啊 这波是蹭亚瑟和nori热度[脱单doge],2021-07-15 22:22:25,49
提醒一下，描的不只有亚瑟，还有小菊哦[脱单doge]多次描图自用，aph圈老熟人了[脱单doge]道歉道歉道歉~,2021-07-14 22:44:20,49
▬▬▬▬.◙.▬▬▬▬    ▂▄▄▓▄▄▂◢◤ █▀▀████▄▄▄▄◢◤█ 白嫖专用逃跑机[doge] █▀……╬    ◥██████◤   ══╩══╩══（一个赞一张票）,2021-02-12 14:40:48,72
我吃过英sir吃过的司康，那我们算不算结婚[doge],2021-07-17 10:14:24,48
谢谢你能来中国，作为粉了你很多年的粉丝真的很感动，连夜又听了几遍你以前的歌，没想到这次你能唱中文歌，还没有外国口音，一定是下足了功夫😭谢谢你，亚瑟柯克兰，远渡重洋来看中国粉丝，，Welcome！UK！！！,2021-07-14 19:33:55,48
UK Welcome to bilibili[给心心][给心心][给心心],2021-07-14 07:10:29,48
亚瑟柯克兰来b站啦，伊厨欢迎~,2021-07-14 06:33:49,48
#亚瑟柯克兰 来中国当唱见#,2021-07-13 18:50:14,54
不打算道个歉吗？[微笑],2021-07-13 18:30:52,47
这是路过的蚂蚁都要喊绝的程度[doge][doge][doge],2021-01-22 18:18:27,79
艾辰事件:（复制评论）欢迎大家继续翻它黑历史，我可以来总结:[脱单doge]1原头像描图亚瑟柯克兰，态度极其恶劣2视频直接盗用aph的图(小菊亚瑟)3无版权翻唱撒野还魔改4现头像人设是偷的零度恋人的，来人细说5《念》Pv是描冰果的[脱单doge](还有一个不确定的，说是初期头像描图排骨教主)希望大家多多发现[脱单doge]大家可以转下这个[脱单doge]随便扩散，这种人品的家伙指不定哪里又翻出来黑历史呢（复制评论）艾辰的头像是黑塔利亚人物:亚瑟·柯克兰，加上了自己的元素，很多人希望艾辰换个头像，可他头像没有换并且说话很难听，因为态度恶劣并且占着我们喜欢的人物描图所以我们来冲艾辰，希望头脑清醒的姐妹理智脱粉，有些不明所以的姐妹可以代入自己非常喜欢的角色被人描图做头像，不但不换头像且态度十分恶劣，我相信你如果不是找不愉快就应该理智脱粉，离这种晦气的人远一些。希望大家都能理智，清醒，如果这条被删掉，我还是会发，直到艾辰道歉为止！谢谢大家看完这段话来，我发一下大家想要的道歉:1头像描图亚瑟，已找到原画师，请向原画师道歉，画师本人素质好被偷了东西不追究不代表小偷是对的，不代表小偷有脸继续使用这些东西2看番剧的友善提醒换头像，ac回复:来告我啊，求求你了。足以看出此人素质低下，无版权意识，建议ac的歌可以全部无授权使用，毕竟这是本人的态度(虽然估计没人瞧的上)3直播辱骂看番剧的人“疯狗”“小学生暑假啦”，并嘲讽番剧根本没人看，不配让他道歉4加一条，5年前就开始偷aph的东西了，是个惯犯来洗地的粉丝，你giegie这三点道歉，他做到哪点了?随便转发，不客气[脱单doge]（复制评论）“告我啊，求求你了”[微笑],2021-07-17 02:27:14,46
几年前我眼睛瞎了在全民K歌认识的你给你在荔枝直播刷了好几千块钱礼物[吐]（那是我一个月工资只有2300块钱）[无语]我给你刷礼物那时叫小子夜。加到了你微信你拉我的微信群我两年前就退了群还有加你的QQ群也退了群。纸片人在心中第一盗用我亚瑟跟黑塔利亚的图要点脸行吗[再见][再见][再见],2021-07-15 09:10:02,46
歌特别好听，所以我把它设成了我的闹钟铃声，从第一次这个闹钟响起开始，我听到这首歌就莫名恐惧。[doge],2021-01-29 21:04:10,58
素材动漫：《悠久之翼》 《境界的彼方》电影：《天气之子》  《海兽之子》 《你的名字》《海边的异邦人》短片：《十字路口》loundraw短片宣传pv（我也不是很懂）：《直到梦醒时分》《物語を君へ》《十年分の私へ》（给十年后的自己） 《君のしいる場所》（你所存在的地方）《CHRONIOLE》待补充，有漏，来晚了w,2021-01-22 19:43:31,58
此时一个自信的少女打开了全民K歌[脱单doge],2021-02-17 19:45:50,57
艾辰代表作:《告 我 啊》[给心心][给心心][给心心]《不 换 咋 地》[给心心]《一 群 疯 狗》[给心心]《我 做 你 们 的 亚 瑟》[给心心][给心心][给心心][给心心]《他 没 给 粉 丝 写 过 歌 吧》[给心心][给心心][给心心][给心心][给心心][给心心][给心心][给心心][给心心],2021-07-22 09:38:05,45
拜托眉毛都敢描 智力沙漠了属于是 亚瑟我是你粉丝啊——,2021-07-13 17:40:02,45
宁这唱的还没亚瑟的死杠好听,2021-07-17 12:23:59,98
怎么会有形容爱而不得形容得这么好的词和曲啊,2021-01-27 18:18:50,61
我描你已热爱的人物～直播间又在装纯无辜～骂原主骂的如此炉火纯青～我无辜～我家粉丝真的素质～我是否可以成为柯克兰～反正怎么样都比他好～我nb～NB～(魔改了高潮歌词，可以试着翻唱一下，说不定哪天我能剪个视频全魔改diss一下[doge][doge]),2021-07-18 08:29:47,44
换头像,2021-07-10 16:51:14,44
在，头像？,2021-07-10 14:47:34,44
几次了？前面的《千灯愿》我可以说我没太爱天官，《撒野》可以说是宠粉太过了，那这次呢？全民K歌的时候是粉丝带着你步入正途，你就是这样“成为粉丝的亚瑟的”？酷狗软件很多歌都缺版权，咱用几年为了谁宁没点数？就这样“宠粉”，连个自设都不愿意找个画师原创？你宠粉但你在tag里带动粉丝搞露脸欺诈，溜粉溜上一年才露脸你好nb哦。你的原创歌曲我基本每首都会背歌词，和朋友去ktv只有我一人点你的歌唱完，宁出事后朋友就算讨厌宁，却仍试探我的态度，都知道我粉你三年，是真的喜欢你的歌，而你就是这么对粉丝的？？？阴阳怪气是假的是热度那你和vk呢？你的歌曲评论区下面那么多真情实感嗑cp的（不是开玩笑的语气）评论宁不管，我以为是宁放的开，原来只是炒作而已为了热度罢了太ex了，你作为创作者，你应该知道版权的重要性，vk（作为你口中的朋友）曾经被全民K歌坑过，你应该知道这样子的伤害很大，你却义无反顾的走上了这条伤害别人的路，虽然对方只是一个没有实体的动漫人物。很失望，我曾经对你的三年的爱让我无法真的骂你骂的多凶残，但是你真的…很出乎意料，情绪不是一下子爆发的，以前的很多次擦边球都是在消耗粉丝的热情，你卖和粉丝打成一片的人设，宠粉人设，歌曲评论区像饭圈，你还乐在其中，没有人评价唱功，只是一群人在发你干了什么该干的事情，变成了宠粉的事情，其实你最出圈的翻唱是什么你自己也清楚，“扇子舞”作为最出圈的翻唱你仍不动于衷甚至享受带来的红利，兴许你才是最爱热度，为了热度的那个人罢了。,2021-07-19 14:55:22,50
说高光抄袭那几位，你们说的每一句话怕不是都是抄袭别人的吧？这个世界上不同的人有相同的想法不很正常？不然陌生人之间哪来那么多共鸣？你这也说抄袭的话那你现在说的每一个字，每一句话不都是抄袭先人说过的？你这不也算抄袭？那我是不是可以告你了？就离谱，看不得别人火是不是？,2021-02-07 19:43:26,79
艾辰黑历史（请多多宣传一下） 1，骂阴阳怪气，说他们只是炒作。2.原头像描图亚瑟柯克兰，态度极其恶劣 3.视频《痒》直接盗用aph的图(小菊亚瑟)（【艾辰】痒（受音&攻音）骚起来自己都害怕自己） 4.无版权翻唱撒野还魔改 5.现头像人设是偷的零度恋人的，来人细说 6.《念》Pv是描冰菓的 7.酷狗音乐《醉赤壁》用的是英的那张图 8.弦森要求《千灯愿》全网下架后艾辰继续翻唱，弦森礼貌提醒其删除后被拒绝，其粉丝还去骂弦森 9.盗图《恋与制作人》中的白起 10.网易云音乐《情话》封面是本田菊和本田樱的同人图 11.微博小店仍试用亚瑟柯克兰的图片作为头像 12.使用动漫《文豪野犬》作为视频素材没有标明评论来源：lof 吃瓜群众在线搞事,2021-08-15 18:14:56,60
如果爱有天意，也许李泽言会来到我的世界,2021-02-13 22:04:49,49
给爷刷上去，养老院的老人们[doge][doge][doge][doge],2021-07-19 20:58:24,43
描图大师艾辰别忘了道歉哦～[脱单doge],2021-07-16 02:22:28,43
艾辰的头像是黑塔利亚人物:亚瑟·柯克兰，加上了自己的元素，很多人希望艾辰换个头像，可他头像没有换并且说话很难听，因为态度恶劣并且占着我们喜欢的人物描图所以我们来冲艾辰，希望头脑清醒的姐妹理智脱粉，有些不明所以的姐妹可以代入自己非常喜欢的角色被人描图做头像，不但不换头像且态度十分恶劣，我相信你如果不是找不愉快就应该理智脱粉，离这种晦气的人远一些。希望大家都能理智，清醒，如果这条被删掉，我还是会发，直到艾辰道歉为止！谢谢大家看完这段话。【复制】,2021-07-14 17:05:29,43
UK，welcome to bilibili！！！,2021-07-14 13:00:16,43
请您更换头像,2021-07-10 14:02:45,43
亲换个头像[微笑],2021-07-10 13:41:20,43
在，改个头像？[微笑],2021-07-10 13:26:49,43
鬼火了艾辰发布错位时空三天就被下架发布DJ版的又是三天被下架然后翻唱艾辰这首歌的好听的都被下架了我TM用心做了几个小时艾辰原唱«错位时空»的MV发布后不但封面被改画质也变得很拉胯现在又是三天就把我下架了[生气][生气][生气][生气][生气],2021-02-02 21:31:09,68
养老院什么都缺，就是不缺人来叫盗图狗道歉，好好看看你被占领的评论区和弹幕,2021-07-20 11:45:51,42
反转了姐妹们，这波是奥利弗柯克兰为了预祝亚瑟柯克兰输球创作的歌曲[脱单doge][脱单doge],2021-07-14 21:41:20,42
道歉道歉道歉道歉道歉道歉道歉道歉道歉道歉道歉道歉道歉,2021-07-14 01:59:38,42
好晦气哦,2021-07-13 18:30:36,42
英厨狂怒,2021-07-13 18:30:28,42
晦气,2021-07-13 11:51:08,42
艾辰的头像是黑塔利亚人物:亚瑟·柯克兰，加上了自己的元素，很多人希望艾辰换个头像，可他头像没有换并且说话很难听，因为态度恶劣并且占着我们喜欢的人物描图所以我们来冲艾辰，希望头脑清醒的姐妹理智脱粉，有些不明所以的姐妹可以代入自己非常喜欢的角色被人描图做头像，不但不换头像且态度十分恶劣，我相信你如果不是找不愉快就应该理智脱粉，离这种晦气的人远一些。希望大家都能理智，清醒，如果这条被删掉，我还是会发，直到艾辰道歉为止！谢谢大家看完这段话。【复制】,2021-07-14 18:05:17,41
道歉！道歉！真以为我们养老院没人了？！！,2021-07-14 09:35:36,41
趁着眉毛子在中国当唱见，我悄咪咪说一声亚瑟柯克兰老子爱你,2021-07-14 08:04:11,41
没想到亚瑟在b站还有一首播放这么多的歌啊不错不错[微笑],2021-07-13 14:41:19,41
🇬🇧他是赛文河畔最动人的玫瑰🇬🇧🇬🇧他祖母绿的眸子里映的是日不落的曙光🇬🇧🇬🇧泰晤士河上空的残阳，是他光荣不散的余晖🇬🇧🇬🇧伦敦避无可避的落雨街巷，我寻无所寻的凡心所向🇬🇧🇬🇧日不落的光辉已经远去，但他激起的浪花撞击在你的胸膛🇬🇧🇬🇧他用魔法吟唱着唤起奇迹的咒语，带着红茶与玫瑰降临在这个世界🇬🇧🇬🇧我爱的人有着一头沙金色的短发，祖母绿色的眼眸无论何时都那样温柔🇬🇧,2021-07-25 17:20:33,46
道个歉吧，作为有名气的歌手对于描图等等一些影响不好的问题不该有担当态度吗,2021-07-19 20:25:56,40
（复制评论）艾辰的头像是黑塔利亚人物:亚瑟·柯克兰，加上了自己的元素，很多人希望艾辰换个头像，可他头像没有换并且说话很难听，因为态度恶劣并且占着我们喜欢的人物描图所以我们来冲艾辰，希望头脑清醒的姐妹理智脱粉，有些不明所以的姐妹可以代入自己非常喜欢的角色被人描图做头像，不但不换头像且态度十分恶劣，我相信你如果不是找不愉快就应该理智脱粉，离这种晦气的人远一些。希望大家都能理智，清醒，如果这条被删掉，我还是会发，直到艾辰道歉为止！谢谢大家看完这段话来，我发一下大家想要的道歉:1头像描图亚瑟，已找到原画师，请向原画师道歉，画师本人素质好被偷了东西不追究不代表小偷是对的，不代表小偷有脸继续使用这些东西2看番剧的友善提醒换头像，ac回复:来告我啊，求求你了。足以看出此人素质低下，无版权意识，建议ac的歌可以全部无授权使用，毕竟这是本人的态度(虽然估计没人瞧的上)3直播辱骂看番剧的人“疯狗”“小学生暑假啦”，并嘲讽番剧根本没人看，不配让他道歉4加一条，5年前就开始偷aph的东西了，是个惯犯来洗地的粉丝，你giegie这三点道歉，他做到哪点了?随便转发，不客气（复制评论）“告我啊，求求你了”￼----------------------------来自于快乐学习在歌曲<<来不及说再见>>的酷狗评论,2021-07-17 12:49:46,40
#亚瑟柯克兰 来中国当唱见#,2021-07-13 22:47:36,40
换头像[星星眼]还是说你想归到亚瑟手下管辖[星星眼],2021-07-13 17:05:59,40
艾辰黑历史（请多多宣传一下） 1，骂阴阳怪气，说他们只是炒作。2.原头像描图亚瑟柯克兰，态度极其恶劣 3.视频《痒》直接盗用aph的图(小菊亚瑟)（【艾辰】痒（受音&攻音）骚起来自己都害怕自己） 4.无版权翻唱撒野还魔改 5.现头像人设是偷的零度恋人的，来人细说 6.《念》Pv是描冰菓的 7.酷狗音乐《醉赤壁》用的是英的那张图 8.弦森要求《千灯愿》全网下架后艾辰继续翻唱，弦森礼貌提醒其删除后被拒绝，其粉丝还去骂弦森 9.盗图《恋与制作人》中的白起 10.网易云音乐《情话》封面是本田菊和本田樱的同人图 11.微博小店仍试用亚瑟柯克兰的图片作为头像 12.使用动漫《文豪野犬》作为视频素材没有标明评论来源：lof 吃瓜群众在线搞事,2021-08-19 18:31:11,50
晦气！！以为养老院没人了是吧,2021-07-14 10:18:20,39
删评论删弹幕挺快的啊,2021-07-14 09:02:17,39
在？换头像呗,2021-07-10 15:24:53,39
被这首歌虐过的瓶邪黑花人赶来[大哭],2021-02-01 03:10:37,49
求扩散艾辰黑历史（请多多宣传一下） 1，骂阴阳怪气，说他们只是炒作。2.原头像描图亚瑟柯克兰，态度极其恶劣 3.视频《痒》直接盗用aph的图(小菊亚瑟)（【艾辰】痒（受音&攻音）骚起来自己都害怕自己） 4.无版权翻唱撒野还魔改 5.现头像人设是偷的零度恋人的，来人细说 6.《念》Pv是描冰菓的 7.酷狗音乐《醉赤壁》用的是英的那张图 8.弦森要求《千灯愿》全网下架后艾辰继续翻唱，弦森礼貌提醒其删除后被拒绝，其粉丝还去骂弦森 9.盗图《恋与制作人》中的白起 10.网易云音乐《情话》封面是本田菊和本田樱的同人图 11.微博小店仍试用亚瑟柯克兰的图片作为头像 12.使用动漫《文豪野犬》作为视频素材没有标明评论来源：lof 吃瓜群众在线搞事,2021-08-12 22:05:50,38
同志们 咱狙他的目的是为了让他道歉，事情闹大了谁也不好看  建议大家不要进行人身攻击给圈子招黑，就事论事，“某某唱见被某圈粉丝逼到退圈”这肯定会给圈子带来影响。希望大家能克制情绪，不要让别人抓住把柄,2021-07-18 23:35:18,38
自己黑历史一大堆还描图，得了吧你就是唱见圈xz啊，糊糊糊糊糊糊糊,2021-07-15 20:11:31,38
🇬🇧他是赛文河畔最动人的玫瑰🇬🇧🇬🇧他祖母绿的眸子里映的是日不落的曙光🇬🇧🇬🇧泰晤士河上空的残阳，是他光荣不散的余晖🇬🇧🇬🇧伦敦避无可避的落雨街巷，我寻无所寻的凡心所向🇬🇧🇬🇧日不落的光辉已经远去，但他激起的浪花撞击在你的胸膛🇬🇧🇬🇧他用魔法吟唱着唤起奇迹的咒语，带着红茶与玫瑰降临在这个世界🇬🇧🇬🇧我爱的人有🇬🇧他是赛文河畔最动人的玫瑰🇬🇧🇬🇧他祖母绿的眸子里映的是日不落的曙光🇬🇧🇬🇧泰晤士河上空的残阳，是他光荣不散的余晖🇬🇧🇬🇧伦敦避无可避的落雨街巷，我寻无所寻的凡心所向🇬🇧🇬🇧日不落的光辉已经远去，但他激起的浪花撞击在你的胸膛🇬🇧🇬🇧他用魔法吟唱着唤起奇迹的咒语，带着红茶与玫瑰降临在这个世界🇬🇧🇬🇧我爱的人有着一头沙金色的短发，祖母绿色的眼眸无论何时都那样温柔🇬🇧着一头沙金色的短发，祖母绿色的眼眸无论何时都那样温柔🇬🇧,2021-07-15 15:36:33,38
这么大一个up不至于头像都约不了吧,2021-07-11 13:21:17,38
艾辰黑历史合集：均  已  石  锤1.原头像描图亚瑟柯克兰，态度极其恶劣，且并不是全然无知，17年用原图做过头像2.视频《痒》直接盗用aph的图(小菊亚瑟)（【艾辰】痒（受音&攻音）骚起来自己都害怕自己）3.无版权翻唱撒野还魔改4.现头像人设是偷的零度恋人的，来人细说5.《念》Pv是描冰菓的6.酷狗音乐《醉赤壁》，网易云音乐《入戏太深》《踏山河》用的是英的那张图7.弦森要求《千灯愿》全网下架后艾辰继续翻唱，弦森礼貌提醒其删除后被拒绝，其粉丝还去骂弦森8.盗图《恋与制作人》中的白起9.网易云音乐《情话》封面是本田菊和本田樱的同人图10.微博小店仍试用亚瑟柯克兰的图片作为头像11.使用动漫《文豪野犬》作为视频素材没有标明出处（【艾辰】——感官先生，视频名叫“感官先生”）12.《君不见》（【艾辰】君不见）碰瓷剑网三13.《明灯引》歌词灵感来于《天官赐福》但不让说，歌词抄袭《天官赐福》，封面歌名也碰瓷该作品14.初期头像描图排骨教主15.碰瓷《二哈和他的白猫师尊》主题曲16.现B站背景为《黑塔利亚》角色亚瑟.柯克兰之前被侵权描改做头像那张图的翻描，而原作者曾表示禁止再次使用。,2021-07-25 11:38:53,53
他用魔法吟唱着唤起奇迹的咒语，带着红茶与玫瑰降临在这个世界泰晤士河上空的残阳，是他光荣不散的余晖,2021-07-17 10:43:24,37
艾辰黑历史：1原头像描图亚瑟柯克兰，态度极其恶劣2视频直接盗用aph的图(小菊亚瑟)3无版权翻唱撒野还魔改4现头像人设是偷的零度恋人的，来人细说5《念》Pv是描冰果的6网易云专辑又偷小菊和樱的图7天宫同人曲翻唱，封面bl改bg(还是自己为男主)(还有一个不确定的，说是初期头像描图排骨教主),2021-07-17 10:40:46,37
《关于UK转生到bilibili做唱见这件事》,2021-07-15 00:23:06,37
看大家一直在这里骂他也没什么意思，不如我们学着老福特的样子把这一变成扩列楼得了[藏狐],2021-07-14 20:03:48,37
万万没想到，此人竟然是唱见圈xz,2021-07-14 10:29:01,37
请问宁是哪块殖民地[doge],2021-07-14 17:28:11,60
晚上好，唱见圈xz，请尽早糊穿地心噢[给心心],2021-08-13 00:08:30,47
看到彈幕，全是懦弱小學生告白牆，笑死，難怪全是悲劇,2021-09-04 01:07:45,42
晚上好，唱见圈xz，每日礼貌一问，请问宁糊了吗之前评论有个姐妹说宁道歉了让我删评，我删了，但最近又看见了宁的瓜，看了宁还是一如既往的恶心啊[给心心]希望宁早日凉透糊穿宇宙呢[给心心]真当冰菓和aph没人粉啊[给心心]还是希望宁能趁早和zs结婚，好一起糊透烂，也方便我们这些网友给你们翻面——糊得更彻底一点[给心心],2021-08-12 00:10:43,42
生活不易，UK卖艺,2021-07-15 00:21:31,36
来等道歉的朋友记得点个踩发电弹幕提醒再走[脱单doge][脱单doge][脱单doge][脱单doge]我顺便发个祝福:ac与xz百年好合。描图还骂番的人不配哈[脱单doge],2021-07-14 17:46:30,36
"纯路人,第一次听艾辰唱歌的时候是牵丝戏,那个时候我就觉得这个人唱歌好好听！然后一下就记住了。但一次也没怎么关注,今天就刷到了,点进来觉得还是那么好听  (歌声真的太绝了)",2021-01-23 04:23:21,46
恶心 向我们英厨道歉以及和画手道歉[微笑],2021-07-13 14:34:12,41
歌不错。人不行。,2021-08-13 13:03:33,35
惭愧，听了几个月五四特别版才知道原来是翻唱。慕名而来听了原曲，实话实说，原词真挺口水的，共青团的填词境界就高了一档，尤其是配合觉醒年代mv或者奥运mv，搬上春晚都不为过。不过还是感谢up的编曲，旋律真的好听。,2021-08-04 00:57:50,35
好吧，断断续续的了解了下。当初我用B站只看番时，就从音乐软件听过他歌了，也算个粉丝（听歌的那种）。就是，没想到音乐区的up能搞出这么多事。取关献上,2021-07-20 00:47:44,35
（转）姐妹们姐妹们，现在艾辰可能不会管b站这边了，艾晨昨天又在dy发布了歌，我们现在应该把战力转移到dy那边，抖音现在姐妹少的可怜[时光代理人_来活了],2021-07-19 14:16:21,35
那个艾辰有没有为他的粉丝踢过欧洲杯，为他的粉丝，卖点什么的，创造点一些np点的科技。你们艾辰有没有给你们发明过汽车还创作官方谷子。有没有为你们美帝瞎过眼啥的，唉，没关系，以后我来做艾辰的爸爸好吗。[给心心],2021-07-17 21:33:25,35
评论,时间,点赞数
我喝过你喝过的西北风，那么我们算不算一样穷[思考],2021-02-05 12:50:32,71308
此时一个自信的少年打开了全民K歌[doge],2021-01-27 11:40:57,58728
听到这句歌词“我吹过你吹过的晚风，那我们算不算相拥”时，突然记起了这句话“两处相思同淋雪，此生也算共白头”,2021-01-29 22:25:06,40536
女朋友推荐来的她说“我吹过你吹过的晚风，那我们算不算相拥”这句歌词让她爱上了这首歌虽然现在我们相隔大半个中国，而且她是一名医生，蛮让我担心的，希望你可以好好的回到我身边吧，未来可期,2021-02-01 04:43:55,30760
“我和我的他，差了一个次元。”,2021-02-01 18:46:32,22434
我一个高一复读的高三生听到“自不量力的复读生完不成金榜题名的使命”的时候就已经哭的稀里哗啦了[大哭],2021-01-23 13:15:27,16491
我和我的纸片人男友们.jpg[酸了],2021-02-08 15:11:19,14110
我喝过你喝过的西北风~那我们算不算相拥[doge],2021-01-22 18:45:55,9930
艾辰25岁 当红中国内地歌手全民K歌第一个粉丝过千万的人歌曲酷狗播放量近2亿原创歌曲:《错位时空》《落》《愿》《离》《羡》《念》《东坡》《谁与归》《一抹柔情》《最高地位》《来不及说再见》《桃花凉》《初雪的谎言》《恋爱啦》《小橙子之歌》 《君不见》《归还》《移植》《甜蜜征兆》《心疼你的坦诚》《荒野》《想你》《花还在开》…,2021-01-22 20:42:07,24048
转发艾辰原创歌曲《错位时空》没有抄袭。歌词“我吹过你吹过的晚风，那我们算不算相拥”早在14年就是网络红句，而博主“德卡先生的信箱”于2015年收录的比句。艾辰工作室和尔盟已在微博发表声明，请理性看待。,2021-02-07 22:37:12,10790
艾辰--错位时空词  周仁  曲  张博文 编曲  陈林  分轨混音  Mr.鱼  制作人  艾辰  填不满半排观众的电影直到散场时突然亮起灯字幕定格在某某出品和发行我目送 他们行色匆匆像个自不量力的复读生完不成金榜题名的使命命不是猜剪刀石头布的决定那么任性我吹过你吹过的晚风那我们算不算 相拥可如梦初醒般的两手空空心也空我吹过你吹过的晚风是否看过同样 风景像扰乱时差留在错位时空终是空 是空数不完见证许愿的繁星没灵验谁来安慰坏心情十字路口闪烁不停的信号灯有个人 显然心事重重三个字 只能说给自己听仰着头不要让眼泪失控哪里有可以峰回路转的宿命我不想听我吹过你吹过的晚风那我们算不算 相拥可如梦初醒般的两手空空心也空我吹过你吹过的晚风是否看过同样 风景像扰乱时差留在错位时空终是空 是空我吹过你吹过的晚风空气里弥漫着 心痛可我们 最后 在这错位时空终成空我吹过你吹过的晚风空气里弥漫着 心痛可我们 最后 在这错位时空终成空 成空,2021-01-22 18:35:03,7058
这是她和我一起听的最后一首歌，那天过后她因为病情走了。而我什么都没有，只有她东西，照片，而我又不能跟她一起去。这半个月，自己躲家里，也不想见人。哭的哭不出来。我的丫头就这样没了。,2021-02-10 09:36:30,6176
填不满二分之一的尾款只到绝版时依然付不起只能下次复刻还是没钱买我目送他们钱包空空像个自不量力的初中生直到初三时还什么不会一看到试卷就像打了麻醉剂我还想睡我喝过你喝过的西北风那我们算不算相拥可如梦初醒般的试卷空空分也空我付过你付过尾款那我们算不算双子想扰乱时差留在王者峡谷终下课下课[doge],2021-01-23 20:00:34,6304
大家都说听这首歌心里想的喜欢的人，为什么我脑子里只有嗑的CP，这就是我万年单身狗的究极原因嘛,2021-02-14 18:56:05,4356
今日表白失败了，点个赞安慰一下吧。[哭泣],2021-02-15 01:10:26,5466
……瓶邪黑花人死在这里了,2021-01-28 13:45:58,5170
素材～《等雨》《约束》《避难所》《落下生》《悠久之翼》《十字路口》《你的名字》《天气之子》《海兽之子》《境界的彼方》《直到梦醒时分》《海边的异邦人》《Jose的虎与鱼们》《CHRONICLE》（还有几个是日语的番我不会打出来[笑哭][笑哭]）,2021-01-22 19:07:38,1926
刚才看到弹幕有个“我吹着来自西伯利亚的寒流”，然而寒暖流是指的洋流的性质，是海上的，西伯利亚高压是陆地上的哦(来自耿直的小理生),2021-02-10 20:12:12,1604
和老婆，王者荣耀相识，从不同的晚风，到同淋一场雨。今天是我结婚的第五个月。,2021-02-03 21:51:32,2783
讲道理，唱的不错，旋律不错，就是有些地方的词感觉差点意思,2021-01-24 19:32:24,3396
我喝过你喝过的西北风，那么我们算不算一样穷[思考],2021-02-05 12:50:32,71308
此时一个自信的少年打开了全民K歌[doge],2021-01-27 11:40:57,58728
听到这句歌词“我吹过你吹过的晚风，那我们算不算相拥”时，突然记起了这句话“两处相思同淋雪，此生也算共白头”,2021-01-29 22:25:06,40536
女朋友推荐来的她说“我吹过你吹过的晚风，那我们算不算相拥”这句歌词让她爱上了这首歌虽然现在我们相隔大半个中国，而且她是一名医生，蛮让我担心的，希望你可以好好的回到我身边吧，未来可期,2021-02-01 04:43:55,30760
“我和我的他，差了一个次元。”,2021-02-01 18:46:32,22434
我一个高一复读的高三生听到“自不量力的复读生完不成金榜题名的使命”的时候就已经哭的稀里哗啦了[大哭],2021-01-23 13:15:27,16491
我和我的纸片人男友们.jpg[酸了],2021-02-08 15:11:19,14110
我喝过你喝过的西北风~那我们算不算相拥[doge],2021-01-22 18:45:55,9930
艾辰25岁 当红中国内地歌手全民K歌第一个粉丝过千万的人歌曲酷狗播放量近2亿原创歌曲:《错位时空》《落》《愿》《离》《羡》《念》《东坡》《谁与归》《一抹柔情》《最高地位》《来不及说再见》《桃花凉》《初雪的谎言》《恋爱啦》《小橙子之歌》 《君不见》《归还》《移植》《甜蜜征兆》《心疼你的坦诚》《荒野》《想你》《花还在开》…,2021-01-22 20:42:07,24048
转发艾辰原创歌曲《错位时空》没有抄袭。歌词“我吹过你吹过的晚风，那我们算不算相拥”早在14年就是网络红句，而博主“德卡先生的信箱”于2015年收录的比句。艾辰工作室和尔盟已在微博发表声明，请理性看待。,2021-02-07 22:37:12,10790
艾辰--错位时空词  周仁  曲  张博文 编曲  陈林  分轨混音  Mr.鱼  制作人  艾辰  填不满半排观众的电影直到散场时突然亮起灯字幕定格在某某出品和发行我目送 他们行色匆匆像个自不量力的复读生完不成金榜题名的使命命不是猜剪刀石头布的决定那么任性我吹过你吹过的晚风那我们算不算 相拥可如梦初醒般的两手空空心也空我吹过你吹过的晚风是否看过同样 风景像扰乱时差留在错位时空终是空 是空数不完见证许愿的繁星没灵验谁来安慰坏心情十字路口闪烁不停的信号灯有个人 显然心事重重三个字 只能说给自己听仰着头不要让眼泪失控哪里有可以峰回路转的宿命我不想听我吹过你吹过的晚风那我们算不算 相拥可如梦初醒般的两手空空心也空我吹过你吹过的晚风是否看过同样 风景像扰乱时差留在错位时空终是空 是空我吹过你吹过的晚风空气里弥漫着 心痛可我们 最后 在这错位时空终成空我吹过你吹过的晚风空气里弥漫着 心痛可我们 最后 在这错位时空终成空 成空,2021-01-22 18:35:03,7058
这是她和我一起听的最后一首歌，那天过后她因为病情走了。而我什么都没有，只有她东西，照片，而我又不能跟她一起去。这半个月，自己躲家里，也不想见人。哭的哭不出来。我的丫头就这样没了。,2021-02-10 09:36:30,6176
填不满二分之一的尾款只到绝版时依然付不起只能下次复刻还是没钱买我目送他们钱包空空像个自不量力的初中生直到初三时还什么不会一看到试卷就像打了麻醉剂我还想睡我喝过你喝过的西北风那我们算不算相拥可如梦初醒般的试卷空空分也空我付过你付过尾款那我们算不算双子想扰乱时差留在王者峡谷终下课下课[doge],2021-01-23 20:00:34,6304
大家都说听这首歌心里想的喜欢的人，为什么我脑子里只有嗑的CP，这就是我万年单身狗的究极原因嘛,2021-02-14 18:56:05,4356
今日表白失败了，点个赞安慰一下吧。[哭泣],2021-02-15 01:10:26,5466
……瓶邪黑花人死在这里了,2021-01-28 13:45:58,5170
素材～《等雨》《约束》《避难所》《落下生》《悠久之翼》《十字路口》《你的名字》《天气之子》《海兽之子》《境界的彼方》《直到梦醒时分》《海边的异邦人》《Jose的虎与鱼们》《CHRONICLE》（还有几个是日语的番我不会打出来[笑哭][笑哭]）,2021-01-22 19:07:38,1926
刚才看到弹幕有个“我吹着来自西伯利亚的寒流”，然而寒暖流是指的洋流的性质，是海上的，西伯利亚高压是陆地上的哦(来自耿直的小理生),2021-02-10 20:12:12,1604
和老婆，王者荣耀相识，从不同的晚风，到同淋一场雨。今天是我结婚的第五个月。,2021-02-03 21:51:32,2783
讲道理，唱的不错，旋律不错，就是有些地方的词感觉差点意思,2021-01-24 19:32:24,3396
复读生也可以金榜题名,2021-02-01 17:02:04,1308
弹幕给我整笑又整吐，我开的十级屏蔽啊草。“十四岁的爱情最单纯”小孩，多学习，别整这些虚巴的熬，乖[吃瓜]再补一句，歌还挺好听的,2021-02-16 13:39:02,1951
第一次听 有点感觉第二次听 很好听，有点上头第三次听 我吹过你吹过的冷风(跟着哼),2021-01-24 21:15:14,1140
明明自己都活的不像个人样，却还是一次一次的心疼别人，真是可笑,2021-01-29 09:52:36,1260
柔柔选在了瓜开的日子更视频[doge],2021-01-22 20:20:15,1101
看到艾柔柔更新我啪的一下就点进来了。很快奥[doge],2021-01-22 18:01:29,1164
老婆离开我102天了，希望平行时空里，还有个我，要一直好好爱她！我，抓不住她了…,2021-02-11 21:06:37,770
看完墨茶的动态，再听这首歌真的感触好深,2021-01-23 18:00:21,1424
我也算是个小橙子吧，从18年愚人节《初雪的谎言》开始，那首歌知名度应该不高，但莫名很戳我，然后就从荔枝追到了斗鱼，那段时间几乎每天都蹲点看直播，那应该是我第一次这么喜欢一个人。      后来他越来越优秀了，我还是总能想起他直播时谈的梦想，比起喜欢，我更多的佩服他，因为在此前我从来没想过梦想竟然会对一个人产生那么大的影响，同时我羡慕着他，这种羡慕很莫名其妙，也许是因为我没有像他一样坚持下来的勇气。      后来因为各种各样的事，有很常一多时间没有关注他，不知道在什么时候，突然发现他和我印象中不太一样了，拍抖音视频，时不时的露脸，开网店，把签名当做粉丝福利……我知道这很正常，但有时会产生一种怪异的落差，而且最近刚发的两三首歌也没怎么听，仔细想想，最喜欢的还是《移植》《桃花凉》《落》和一些很早之前翻唱的歌。      他粉丝很多了，看直播时（不知道是不是真的）发现很多才十二三岁，所以新歌评论大部分风格差不多，写艾辰喜好，艾辰语录，还有无脑夸新歌好听的（有很多发歌不到一分钟就评好听的），有小部分甚至不接受批评，让人头大。。。     我没看过什么《终极笔记》，也不清楚《错位时空》是怎么火的。我不懂音乐，只是觉得旋律很好，词一般，唱腔……很耳熟（从《东坡》开始就这样了。。。）只希望粉丝理智一点，也要清楚“他已经努力了”不是“他不需要进步”的借口和理由。      艾辰加油[爱心]                                               ――2021.02.04,2021-02-04 18:32:17,641
我就随便说说别喷我哦(=・ω・=)说的不对请指正~以下只是个人见解:这首歌的歌词有的小伙伴说乱，那我就来梳理一下。这首歌的主人公（即我）应该是因为某种原因与其爱人分离（个人感觉就是失恋叭）整首歌的旋律较为心痛与哀婉。低潮像是在讲自己的人生是一场失败的电影，没有多少观众（可能指的是没有什么可以交心的人），而且最后，他们这些仅有的观众（即朋友）也行色匆匆地离去了。然后这首歌开始用比喻的手法，将“我”比做一个自不量力的复读生，完不成金榜题名的使命。这里可能指的就是“我”很没用，我就像那个复读生一样，他没有金榜题名，我也没能拥有属于自己的爱情……于是开始感慨，命就是这样，不能任性，不能草率决定。高潮是前面情绪的一个爆发。回想了自己的失败后，便想起了他/她，也就是主人公的恋人。你是我的精神支柱……可是你现在不见了……“我吹过你吹过的晚风，那我们算不算相拥……”这段高潮其实很好理解，就是梦里梦见爱人，醒来落空的怅然，像时空错乱般无法相见，终究是空（可我仍期望与他/她在错位时空相见，假如现实中不能相见的话）。第二段低潮，我对繁星许愿，却还是不能与爱人相见。我心情低落，心事重重，连“我爱你”这三个字都只能说给自己听。宿命不能改……然后是第二段高潮，重复第一段的。结尾在错位时空中，我们终究成空……是个大悲剧啊……歌词我觉得写的还是可以的，前面的歌词可能是乱了点，但也是在点题，也感受到了“我”的悲伤和思绪混乱叭。最后说一句“艾爹唱的好听哦(｀・ω・´)，我能深刻体会到刻骨铭心的爱(｡･ω･｡)。”,2021-02-03 13:35:48,622
这个唱法真的有点难受，感觉词和高潮部分都词也不太对，怎么就感觉只有高潮部分比较抓耳好听啊，希望出更好的作品吧[笑哭],2021-01-26 23:00:04,2127
循环瓶邪人已经没了,2021-01-29 15:06:15,642
好多人在这首歌里听到爱情，可我却想起了我的父亲。“我吹过你吹过的晚风，那我们算不算相拥”，我还是不能接受你的突然离去，所以我一直在安慰自己。,2021-02-09 12:31:57,331
我太爱我们广播室了！！！星期三傍晚它放了老大的《错位时空》！！！,2021-01-22 18:43:57,387
我挨过你挨过的冰雹，那我们算不算互殴[偷笑],2021-02-06 10:52:37,292
(复制 )来，我发一下大家想要的道歉:1头像描图亚瑟，已找到原画师，请向原画师道歉，画师本人素质好被偷了东西不追究不代表小偷是对的，不代表小偷有脸继续使用这些东西2看番剧的友善提醒换头像，ac回复:来告我啊，求求你了。足以看出此人素质低下，无版权意识，建议ac的歌可以全部无授权使用，毕竟这是本人的态度(虽然估计没人瞧的上)3直播辱骂看番剧的人“疯狗”“小学生暑假啦”，并嘲讽番剧根本没人看，不配让他道歉4加一条，5年前就开始偷aph的东西了，是个惯犯来洗地的粉丝，你giegie这三点道歉，他做到哪点了?随便转发，不客气[脱单doge],2021-07-19 20:58:52,277
祝b站得女孩✨小巧玲珑 明眸皓润✨               转✨国色天姿 国色天香✨✨惜香怜玉 羞花闭月✨✨闭月羞花 皓齿明眸✨✨婀娜多姿 仪态万千✨✨仪态万方 德容兼备✨✨千娇百媚 千娇百态✨✨小鸟依人 百媚千娇✨✨杏脸桃腮 袅袅婷婷✨✨体态轻盈 艳美无敌✨✨艳丽夺目 亭亭玉立✨✨秀外惠中 秀外慧中✨✨闭月羞花 才貌双全✨✨才貌双全 玉骨冰肌✨✨如花似玉 衣香鬓影✨✨眉清目秀 闭月羞花✨✨沉鱼落雁 倾国倾城✨✨温婉娴淑 千娇百媚✨✨仪态万千 国色天香✨✨花容月貌 明目皓齿✨✨淡扫峨眉 清艳脱俗✨✨香肌玉肤 仪态万端✨✨婉风流转 美撼凡尘✨✨聘婷秀雅 娥娜翩跹✨✨俏丽多姿 风姿卓越✨✨顾盼流转 清丝纠缠✨✨举步轻摇 艳冠群芳✨✨剪水双瞳 美艳绝伦✨✨神仙玉骨 楚楚动人✨✨如花似玉 闭月羞花✨✨沉鱼落雁 倾国倾城✨✨千娇百媚 明目皓齿✨✨淡扫峨眉 清艳脱俗✨✨香肌玉肤 婉风流转✨✨美撼凡尘 聘婷秀雅✨✨娥娜翩跹 俏丽多姿✨✨风姿卓越 顾盼流转✨✨清丝纠缠 举步轻摇✨✨剪水双瞳 美艳绝伦✨✨神仙玉骨 如花似玉✨✨一代佳人 一代容华✨✨红粉佳人 红粉青娥✨✨天生尤物 姑射神人✨✨绝色美人 月里嫦娥✨✨人面桃花 天生丽质✨✨天香国色 仙资玉质✨✨妍资艳质 夭桃秾李✨✨色艳桃李 华如桃李✨✨桃羞杏让 如花似月✨✨羞花闭月 花容月貌✨✨芙蓉如面 粉白黛黑✨✨娇艳惊人 冠觉群芳✨✨风华绝代 秀色可餐✨✨沉渔落雁 倾国倾城✨✨明眸皓齿 粉妆玉琢✨✨桃腮杏脸 樱桃小口✨✨婀娜多姿 丰姿绰约✨✨娉婷袅娜 国色天姿✨✨倾国倾城 国色天香✨✨婀娜多姿 亭亭玉立✨✨粉面桃花 肤如凝脂✨✨声若莺啼 明眸皓齿✨✨花容月貌 风华绝代✨✨楚楚动人 冰清玉洁✨✨杨柳细腰 气质清纯✨✨容颜秀美 婉约可人✨✨天生丽质 美丽大方✨✨清秀大方 体态轻盈✨✨气质高雅 温柔体贴✨✨知书达礼 仪态万千✨✨艳冠群芳 楚楚动人✨✨秀外慧中 风情万种✨✨知书达理 温文尔雅✨✨空谷幽兰 超凡脱俗✨✨兰心蕙质 秀外慧中✨✨风华绝代 翩若惊鸿✨✨矫若游龙 温婉娴淑✨✨通情达理 温柔体贴✨❤❤❤❤❤❤❤❤❤❤祝b站得男孩娶上这样的女孩[歪嘴],2021-02-11 23:09:42,530
落泪了姐妹们  俺是英厨[大哭][大哭]  看到我们宝贝亚瑟这么努力学中文唱歌，我真是太感动了呜呜呜呜呜呜呜呜呜呜呜呜呜呜呜呜呜呜呜呜呜呜呜呜呜呜呜呜呜呜呜呜呜呜呜呜呜呜呜呜呜呜呜呜呜呜呜呜呜呜呜呜呜呜呜呜呜呜呜呜呜呜呜呜呜呜呜呜呜呜呜呜呜呜呜呜呜呜呜呜呜呜呜呜呜呜呜呜呜呜呜呜呜呜呜呜呜呜呜呜呜呜呜呜呜呜呜呜呜呜呜呜呜呜呜呜呜呜呜呜呜呜呜呜呜呜呜呜呜呜呜呜呜呜呜呜呜呜呜呜呜呜呜呜呜呜呜呜呜呜呜呜呜呜呜呜呜呜呜呜呜呜呜呜呜呜呜呜呜呜呜呜呜呜呜呜呜呜呜呜呜呜呜呜呜呜呜呜呜呜呜[大哭],2021-07-15 09:22:05,196
词  周仁  曲  张博文  OP  腾煌星象  出品  网易飓风工作室  编曲  陈林  分轨混音  Mr.鱼  制作人  艾辰  贝斯  谭玮  吉他  望雷  监制／统筹  孙斌@子文沐凡  贴唱／和声  沙栩帆  企划  丁柏昕/袁晓童  宣发  徐思灵  出品人  谢奇笛/凌联兴填不满半排观众的电影直到散场时突然亮起灯字幕定格在某某出品和发行我目送 他们行色匆匆像个自不量力的复读生完不成金榜题名的使命命不是猜剪刀石头布的决定那么任性我吹过你吹过的晚风那我们算不算 相拥可如梦初醒般的两手空空心也空我吹过你吹过的晚风是否看过同样 风景像扰乱时差留在错位时空终是空 是空数不完见证许愿的繁星没灵验谁来安慰坏心情十字路口闪烁不停的信号灯有个人 显然心事重重三个字 只能说给自己听仰着头不要让眼泪失控哪里有可以峰回路转的宿命我不想听我吹过你吹过的晚风那我们算不算 相拥可如梦初醒般的两手空空心也空我吹过你吹过的晚风是否看过同样 风景像扰乱时差留在错位时空终是空 是空我吹过你吹过的晚风空气里弥漫着 心痛可我们 最后 在这错位时空终成空我吹过你吹过的晚风空气里弥漫着 心痛可我们 最后 在这错位时空终成空 成空,2021-01-22 18:05:41,291
加个泪痣？感情宁要给亚瑟家再加一座岛？,2021-07-10 23:32:50,205
同志们 咱狙他的目的是为了让他道歉，事情闹大了谁也不好看  建议大家不要进行人身攻击给圈子招黑，就事论事，“某某唱见被某圈粉丝逼到退圈”这肯定会给圈子带来影响。希望大家能克制情绪，不要让别人抓住把柄,2021-07-19 18:56:03,176
好家伙，老艾b站密码终于想起来了?,2021-01-22 18:14:08,245
八骏日行三万里，穆王何事不重来我命运般的小嫂子啊啊啊啊[大哭][大哭][大哭][大哭],2021-02-01 20:36:30,234
歌词有惊艳的地方，但也有笔力不够的地方。比如什么空空，心也空。真得有点水，白瞎了这样好的主题，完全可以更好。起风了那样的词才牛,2021-01-30 12:51:38,408
"抱抱英sir，中文真的超难学的，像我们这些有母语环境的还好，真是辛苦你来b站当中文唱见了，虽然你总是跟对面尼桑吵架但是也不至于呜呜呜呜[大哭]希望你在这里过的好些，我会一直支持你的[大哭][大哭]Welcome to bilibili, Mr.Kirkland.",2021-07-15 07:21:29,172
各位！！我转一下一位姐妹的话想去k歌对线的请一定要记住：各位养老院的亲们也注意不要被抓把柄了，这ac机灵得很，知道删不利评论，保留那些过激评论。我好多理智评论都被删的干干净净，稍微不理智的被全盘保留。ac就故意做给粉丝看，他想让粉丝以为他有理，帮他脏手,2021-07-19 16:43:14,201
您不解释一下“开了守护就是我的人了，把你以前的什么亚瑟通通忘掉”这是什么意思吗？不怕英厨冲过来把你端了？,2021-07-16 01:40:44,141
呜呜呜呜泪目了家人们，仏仏他天天和亚瑟吵架，踢球还输了，整个欧洲都排挤他，他只能背井离乡，哥哥也不挽留，来到老朋友家，怕老朋友知道了笑他，只能整容整声带，还有装骚受，唱黄歌，苦练中文呜呜呜呜，太感动太励志了,2021-07-14 23:41:26,140
好看的高攀不起，丑的又瞧不上，真是可悲啊，好不容易找到了自己的归宿，结果只是暂住几天。,2021-02-04 11:53:50,184
“去到你的城市，吹过你吹过的风，算不算相拥。” ——德卡先生的信箱,2021-02-07 17:13:01,667
我把骂它的评论都赞了一遍，老铁们我做的对吗[呲牙],2021-07-14 11:24:59,141
这个事情闹大了两边都不好看，况且也不是什么大事，赶紧道个歉这件事也就平了，都成年人了，也该为自己的行为负责了吧？这也是对喜欢“亚瑟·柯克兰”和“黑塔利亚”这个动漫的人群的尊重，更是对你的粉丝的负责。现在道歉，都不算晚,2021-07-14 09:14:51,123
希望那边有吃不完的草莓和饺子,2021-01-26 02:54:17,223
在？头像？？？宁也是亚瑟殖民地？？？,2021-07-10 23:21:58,144
这几天都准备写本有点压抑的小说，谢谢这首歌，我最近都没有什么灵感，这首歌来的正好。,2021-01-23 08:06:13,144
亚瑟有这么多明珠，你是哪个[微笑],2021-07-14 10:52:54,141
好船组头像用的很爽是吧，踹养老院很爽是吧，真因为养老院没人是吧，什么垃圾也来碰瓷养老院,2021-07-14 10:24:29,107
我想升级，所以给我点个赞吧[委屈][委屈],2021-02-10 14:08:10,207
换头像，已经不是一次两次了，那么大个up不能自己约稿吗？笑死了,2021-07-10 17:43:11,105
ac死不悔改真就离谱，抄谁不好抄亚瑟，而且眉毛都没改。还点了个泪痣，这难道是葡哥和亚瑟的孩子「？」真就当养老院没装门了你抄袭时的笑容都没亚瑟甜死不悔改的模样真特/么刺眼热爱抄袭描图的你坚持“自我”还不道歉你不知道你有多傻/缺做错事还煽动粉丝不道歉你从来都不轻言失败对错误的态度从未变换很疑惑 当你这样说快告了我吧求求你了啊踹开养老院大门你那侵权的模样,2021-07-16 10:00:20,106
艾辰的原头像是黑塔利亚人物:亚瑟·柯克兰，加上了自己的元素，很多人希望艾辰换个头像，可他头像没有换并且说话很难听，因为态度恶劣并且占着我们喜欢的人物描图所以我们来冲艾辰，希望头脑清醒的姐妹理智脱粉，有些不明所以的姐妹可以代入自己非常喜欢的角色被人描图做头像，不但不换头像且态度十分恶劣，我相信你如果不是找不愉快就应该理智脱粉，离这种晦气的人远一些。希望大家都能理智，清醒，如果这条被删掉，我还是会发，直到艾辰道歉为止！谢谢大家看完这段话。（转）,2021-07-14 18:13:08,94
虽然已经说过一次了但似没引起你注意女真当黑塔利亚没人是吗怎么什么都敢碰瓷也是艾辰几年的粉丝了希望针对这件事能赶紧道个歉不要把事情闹大了对双方粉丝也能有个交代我自己本身就是双厨最近几年黑塔利亚经常被踹门（懂得都懂）抛开别的光是描图当头像就不对吧或者说如果有版权的话就表明出来也不会有误会包括就是既然已经做出了决定就要承担相应的后果这种事不仅对自身不利而且粉丝会怎么想总而言之就是别描图别碰瓷谢谢别把别人的东西当自己的,2021-07-19 18:02:03,91
亲爱的，解释解释头像问题呗！[鼓掌],2021-07-10 09:32:15,101
班级作业来的[捂眼],2021-01-22 18:15:16,127
我以为艾辰糊了，没想到是我来早了[doge],2021-01-23 11:51:11,108
头像描图都不带改一下，不给解释吗？,2021-07-10 13:05:44,85
连我这种2G网都听说了。。。我是阴阳怪气和APH的双粉，在这狙你你也八成看不见，只能说你粉丝真像虾爬子，估计有不少也喜欢肖战割割。看样子你是不准备道歉了，跟你那群无脑粉对线也没啥意思，继续产粮了。我还真不知道为什么都是喜欢一个人，有些粉丝能完全否认那个人做过的错事，将他神圣化，还反客为主的去骂受害者，有些粉丝能接受那个人做过的错事，希望他能认识到自己的错误并改正，甚至不想他回来只盼望着他能正确且开心的生活。做一个尚且存有一些理智的粉丝有这么难吗？,2021-07-18 23:12:12,94
"艾辰黑历史合集：均  已  石  锤1.原头像描图亚瑟柯克兰，态度极其恶劣，且并不是全然无知，17年用原图做过头像2.视频《痒》直接盗用aph的图(小菊亚瑟)（【艾辰】痒（受音&攻音）骚起来自己都害怕自己）3.无版权翻唱撒野还魔改4.现头像人设是偷的零度恋人的，来人细说5.《念》Pv是描冰菓的6.酷狗音乐《醉赤壁》，网易云音乐《入戏太深》《踏山河》用的是英的那张图7.弦森要求《千灯愿》全网下架后艾辰继续翻唱，弦森礼貌提醒其删除后被拒绝，其粉丝还去骂弦森8.盗图《恋与制作人》中的白起9.网易云音乐《情话》封面是本田菊和本田樱的同人图10.微博小店仍试用亚瑟柯克兰的图片作为头像11.使用动漫《文豪野犬》作为视频素材没有标明出处（【艾辰】——感官先生，视频名叫“感官先生”）12.《君不见》（【艾辰】君不见）碰瓷剑网三13.《明灯引》歌词灵感来于《天官赐福》但不让说，歌词抄袭《天官赐福》，封面歌名也碰瓷该作品14.初期头像描图排骨教主15.碰瓷《二哈和他的白猫师尊》主题曲16.现B站背景为《黑塔利亚》角色亚瑟.柯克兰之前被侵权描改做头像那张图的翻描，而原作者曾表示禁止再次使用。  17.轻视绘圈，之前找画手约头像的时候有明显侮辱言论""赚钱的活还不干""(意思就是画手人均见钱眼开)",2021-08-01 04:52:31,84
ac一发出视频，所有养老院的姐妹就看着它笑，有的叫道：“ac，你弹幕评论又被我们刷满了！”他不回答，在直播里对粉丝说：“这群疯狗人不多。”便继续拒绝道歉。姐妹们又故意高声嚷道：“你一定偷了人家的图！！”ac睁大眼睛说：“你怎么这样凭空污人清白……”“什么清白？我们亲眼见你盗了亚瑟的图作头像，吊着打。”ac便涨红了脸，脸上的青筋条条绽出，争辩道：“盗图不能叫偷……盗图！唱见的事，能叫偷么？”接连便是难懂的话，什么“道德绑架”，什么“不用理那些人”，什么“没有资格让我跟他们道歉”，引得众人都哄笑起来，养老院内外充满了快活的空气。,2021-07-16 10:14:54,83
艾辰的头像是黑塔利亚人物:亚瑟·柯克兰，加上了自己的元素，很多人希望艾辰换个头像，可他头像没有换并且说话很难听，因为态度恶劣并且占着我们喜欢的人物描图所以我们来冲艾辰，希望头脑清醒的姐妹理智脱粉，有些不明所以的姐妹可以代入自己非常喜欢的角色被人描图做头像，不但不换头像且态度十分恶劣，我相信你如果不是找不愉快就应该理智脱粉，离这种晦气的人远一些。希望大家都能理智，清醒，如果这条被删掉，我还是会发，直到艾辰道歉为止！谢谢大家看完这段话。（from@黑兔_YaYaNou ）,2021-07-14 19:01:00,76
我来了姐妹们[脱单doge][脱单doge]ac一发出视频，所有养老院的姐妹就看着它笑，有的叫道：“ac，你弹幕评论又被我们刷满了！”他不回答，在直播里对粉丝说：“这群疯狗人不多。”便继续拒绝道歉。姐妹们又故意高声嚷道：“你一定偷了人家的图！！”ac睁大眼睛说：“你怎么这样凭空污人清白……”“什么清白？我们亲眼见你盗了亚瑟的图作头像，吊着打。”ac便涨红了脸，脸上的青筋条条绽出，争辩道：“盗图不能叫偷……盗图！唱见的事，能叫偷么？”接连便是难懂的话，什么“道德绑架”，什么“不用理那些人”，什么“没有资格让我跟他们道歉”，引得众人都哄笑起来，养老院内外充满了快活的空气。鲁迅先生yyds！！[脱单doge][脱单doge][脱单doge],2021-07-15 15:37:31,73
愿天堂有吃不完的草莓和饺子,2021-01-26 19:56:15,112
艾辰：写尽千山，落笔是你。望尽星辰，梦里是你。三分月色，七分是你。书尽泛黄，扉页是你。繁华落尽，枕畔是你。行尽万水，尽头是你。千山万水，归处是你。铁马是你，冰河也是你。 你是往日的情书是日落的余情未了是路人脚下不停生长的风也是我喜欢的人艾辰，往后余生都是你,2021-01-22 18:07:46,182
词曲编曲都不是他啊，我还想夸有才华？艾辰，一个碰瓷多个圈子，而且就是那种刮刮蹭蹭地碰瓷，跟他对线拉低圈子名誉，不对线又觉得这人像苍蝇一样烦,2021-07-19 20:40:22,72
道歉，给亚瑟道歉，给所有英厨道歉，给私信你换头像结果被你回不换咋地的姐妹道歉,2021-07-13 14:29:52,72
艾辰16年就喜欢的一位歌手，全民第一个关注的那时候我才10岁hhh笙歌家族我也加过当时我还在九群呢，记得现场在歌房听过艾辰唱歌。渐渐的长大了笙歌好像因为一件事变了不叫笙歌了，艾辰我一直关注，桃花凉，落，东坡等我都很喜欢呀，希望艾辰越来越好，永远爱你。最后辰风破浪，为艾远航[打call],2021-02-04 22:22:58,124
同志们 咱狙他的目的是为了让他道歉，事情闹大了谁也不好看  建议大家不要进行人身攻击给圈子招黑，就事论事，“某某唱见被某圈粉丝逼到退圈”这肯定会给圈子带来影响。希望大家能克制情绪，不要让别人抓住把柄,2021-07-19 11:27:04,71
用酷狗的哭了，没版权了[大哭]只能在B站循环了[大哭],2021-01-24 10:53:58,109
“我吹过你吹过的晚风 那我们算不算相拥”,2021-01-22 18:02:36,83
“亚瑟能给你们发原创歌曲吗？”,2021-07-19 22:52:14,66
用着日漫的画面 嘴里说着不爱国 老双标了[吐],2021-07-20 01:05:12,74
艾辰代表作:《告 我 啊》《不 换 咋 地》《一 群 疯 狗》《我 做 你 们 的 亚 瑟》《他 没 给 粉 丝 写 过 歌 吧》,2021-07-20 15:39:16,65
当你点开按时间的那一刻我就知道你是友军了[脱单doge][脱单doge],2021-07-16 18:35:26,63
三个字？告  我  啊,2021-07-13 20:01:14,63
一大阿婆还要描图头像,2021-07-10 19:07:23,63
我愿称之为大龄儿童踹养老院大门,2021-07-14 09:34:17,61
错位时空像别的歌因为没石锤我没计较。但你头像描图亚瑟是不是有点过了？,2021-07-11 01:16:02,61
头像描图你很牛？[笑][呆],2021-07-10 13:58:19,61
欢迎大家继续翻它黑历史，我可以来总结:[脱单doge]头像描图，态度极其恶劣视频直接盗用aph的图(还有一个不确定的，说是初期头像描图排骨教主，以及，撒野那事希望来个朋友细说[脱单doge])希望大家多多发现[脱单doge],2021-07-14 23:52:08,60
欢迎大家继续翻它黑历史，我可以来总结:[脱单doge]1原头像描图亚瑟柯克兰，态度极其恶劣2视频直接盗用aph的图(小菊亚瑟)3无版权翻唱撒野还魔改4现头像人设是偷的零度恋人的，来人细说[脱单doge](还有一个不确定的，说是初期头像描图排骨教主)希望大家多多发现[脱单doge]大家可以转下这个[脱单doge]随便扩散，这种人品的家伙指不定哪里又翻出来黑历史呢,2021-07-15 19:05:46,99
呜呜呜呜呜呜呜呜呜呜呜亚瑟宝原来那么努力练习中文吗呜呜呜呜呜呜呜呜呜呜呜呜呜呜呜呜呜呜呜呜呜路转粉了呜呜呜呜呜呜呜呜,2021-07-15 11:52:36,59
描图不打算道歉了这是,2021-07-10 13:19:03,58
我喝过你喝过的西北风，那我们算不算一起穷,2021-01-22 21:00:34,84
我来了姐妹们[脱单doge][脱单doge]ac一发出视频，所有养老院的姐妹就看着它笑，有的叫道：“ac，你弹幕评论又被我们刷满了！”他不回答，在直播里对粉丝说：“这群疯狗人不多。”便继续拒绝道歉。姐妹们又故意高声嚷道：“你一定偷了人家的图！！”ac睁大眼睛说：“你怎么这样凭空污人清白……”“什么清白？我们亲眼见你盗了亚瑟的图作头像，吊着打。”ac便涨红了脸，脸上的青筋条条绽出，争辩道：“盗图不能叫偷……盗图！唱见的事，能叫偷么？”接连便是难懂的话，什么“道德绑架”，什么“不用理那些人”，什么“没有资格让我跟他们道歉”，引得众人都哄笑起来，养老院内外充满了快活的空气。鲁迅先生yyds！！[脱单doge][脱单doge][脱单doge],2021-07-15 11:02:18,57
【转发】艾辰黑历史合集：均  已  石  锤1.原头像描图亚瑟柯克兰，态度极其恶劣，且并不是全然无知，17年用原图做过头像2.视频《痒》直接盗用aph的图(小菊亚瑟)（【艾辰】痒（受音&攻音）骚起来自己都害怕自己）3.无版权翻唱撒野还魔改4.现头像人设是偷的零度恋人的，来人细说5.《念》Pv是描冰菓的6.酷狗音乐《醉赤壁》，网易云音乐《入戏太深》《踏山河》用的是英的那张图7.弦森要求《千灯愿》全网下架后艾辰继续翻唱，弦森礼貌提醒其删除后被拒绝，其粉丝还去骂弦森8.盗图《恋与制作人》中的白起9.网易云音乐《情话》封面是本田菊和本田樱的同人图10.微博小店仍试用亚瑟柯克兰的图片作为头像11.使用动漫《文豪野犬》作为视频素材没有标明出处（【艾辰】——感官先生，视频名叫“感官先生”）12.《君不见》（【艾辰】君不见）碰瓷剑网三13.《明灯引》歌词灵感来于《天官赐福》但不让说，歌词抄袭《天官赐福》，封面歌名也碰瓷该作品14.初期头像描图排骨教主15.碰瓷《二哈和他的白猫师尊》主题曲16.现B站背景为《黑塔利亚》角色亚瑟.柯克兰之前被侵权描改做头像那张图的翻描，而原作者曾表示禁止再次使用。  ,2021-07-19 18:14:17,56
翻了这么多评论都是说亚蒂来当唱见的，这群人怎么能这样！我nori的歌比它强好多好吧？这波啊 这波是蹭亚瑟和nori热度[脱单doge],2021-07-15 22:22:25,56
三级号是个可爱的小生物，路过的每个哥哥姐姐都会摸摸他的头并且留下一个赞。(=・ω・=),2021-02-14 19:30:20,88
提醒一下，描的不只有亚瑟，还有小菊哦[脱单doge]多次描图自用，aph圈老熟人了[脱单doge]道歉道歉道歉~,2021-07-14 22:44:20,55
我吃过英sir吃过的司康，那我们算不算结婚[doge],2021-07-17 10:14:24,54
#亚瑟柯克兰 来中国当唱见#,2021-07-13 18:50:14,60
艾辰黑历史（请多多宣传一下）1，骂阴阳怪气，说他们只是炒作。2.原头像描图亚瑟柯克兰，态度极其恶劣 3.视频《痒》直接盗用aph的图(小菊亚瑟)（【艾辰】痒（受音&攻音）骚起来自己都害怕自己） 4.无版权翻唱撒野还魔改 5.现头像人设是偷的零度恋人的，来人细说 6.《念》Pv是描冰果的 7.酷狗音乐《醉赤壁》用的是英的那张图 8.弦森要求《千灯愿》全网下架后艾辰继续翻唱，弦森礼貌提醒其删除后被拒绝，其粉丝还去骂弦森 9.盗图《恋与制作人》中的白起 10.网易云音乐《情话》封面是本田菊和本田樱的同人图 11.微博小店仍试用亚瑟柯克兰的图片作为头像 12.使用动漫《文豪野犬》作为视频素材没有标明出处（【艾辰】——感官先生） 13.《君不见》（【艾辰】君不见）碰瓷剑网三 14.《明灯引》歌词灵感来于《天官赐福》但不让说，歌词抄袭《天官赐福》，封面歌名也碰瓷该作品 15.初期头像描图排骨教主 16.碰瓷《二哈和他的白猫师尊》主题曲 17.现B站背景为《黑塔利亚》角色亚瑟.柯克兰之前被侵权描改做头像那张图的翻描，而原作者曾表示禁止再次使用。 （总结的，欢迎补充复制）,2021-07-18 05:46:17,53
英sir🇬🇧入b站啦[打call]！！！welcome to China！！！[给心心],2021-07-17 01:57:17,50
几年前我眼睛瞎了在全民K歌认识的你给你在荔枝直播刷了好几千块钱礼物[吐]（那是我一个月工资只有2300块钱）[无语]我给你刷礼物那时叫小子夜。加到了你微信你拉我的微信群我两年前就退了群还有加你的QQ群也退了群。纸片人在心中第一盗用我亚瑟跟黑塔利亚的图要点脸行吗[再见][再见][再见],2021-07-15 09:10:02,50
谢谢你能来中国，作为粉了你很多年的粉丝真的很感动，连夜又听了几遍你以前的歌，没想到这次你能唱中文歌，还没有外国口音，一定是下足了功夫😭谢谢你，亚瑟柯克兰，远渡重洋来看中国粉丝，，Welcome！UK！！！,2021-07-14 19:33:55,50
UK Welcome to bilibili[给心心][给心心][给心心],2021-07-14 07:10:29,50
亚瑟柯克兰来b站啦，伊厨欢迎~,2021-07-14 06:33:49,50
不打算道个歉吗？[微笑],2021-07-13 18:30:52,50
突然想起来了以前暗恋的一个男生。毕业的那天，我一个人回家，突然发现后面有辆自行车，是我暗恋的那个男生的。我没有回头和他打招呼，他也没有骑到前面来和我打招呼。我就一路走回了家，他就骑着自行车在我后面，一直小心着不超过我。后来就再也没见过面了。,2021-02-13 03:13:10,74
听着这歌想起墨茶，第四次破防大哭......,2021-01-28 02:00:32,68
各位小橙子们翻翻族谱看看是谁关注的up主更新了[妙啊],2021-01-22 19:26:01,73
艾辰代表作:《告 我 啊》[给心心][给心心][给心心]《不 换 咋 地》[给心心]《一 群 疯 狗》[给心心]《我 做 你 们 的 亚 瑟》[给心心][给心心][给心心][给心心]《他 没 给 粉 丝 写 过 歌 吧》[给心心][给心心][给心心][给心心][给心心][给心心][给心心][给心心][给心心],2021-07-22 09:38:05,49
我描你已热爱的人物～直播间又在装纯无辜～骂原主骂的如此炉火纯青～我无辜～我家粉丝真的素质～我是否可以成为柯克兰～反正怎么样都比他好～我nb～NB～(魔改了高潮歌词，可以试着翻唱一下，说不定哪天我能剪个视频全魔改diss一下[doge][doge]),2021-07-18 08:29:47,49
艾辰事件:（复制评论）欢迎大家继续翻它黑历史，我可以来总结:[脱单doge]1原头像描图亚瑟柯克兰，态度极其恶劣2视频直接盗用aph的图(小菊亚瑟)3无版权翻唱撒野还魔改4现头像人设是偷的零度恋人的，来人细说5《念》Pv是描冰果的[脱单doge](还有一个不确定的，说是初期头像描图排骨教主)希望大家多多发现[脱单doge]大家可以转下这个[脱单doge]随便扩散，这种人品的家伙指不定哪里又翻出来黑历史呢（复制评论）艾辰的头像是黑塔利亚人物:亚瑟·柯克兰，加上了自己的元素，很多人希望艾辰换个头像，可他头像没有换并且说话很难听，因为态度恶劣并且占着我们喜欢的人物描图所以我们来冲艾辰，希望头脑清醒的姐妹理智脱粉，有些不明所以的姐妹可以代入自己非常喜欢的角色被人描图做头像，不但不换头像且态度十分恶劣，我相信你如果不是找不愉快就应该理智脱粉，离这种晦气的人远一些。希望大家都能理智，清醒，如果这条被删掉，我还是会发，直到艾辰道歉为止！谢谢大家看完这段话来，我发一下大家想要的道歉:1头像描图亚瑟，已找到原画师，请向原画师道歉，画师本人素质好被偷了东西不追究不代表小偷是对的，不代表小偷有脸继续使用这些东西2看番剧的友善提醒换头像，ac回复:来告我啊，求求你了。足以看出此人素质低下，无版权意识，建议ac的歌可以全部无授权使用，毕竟这是本人的态度(虽然估计没人瞧的上)3直播辱骂看番剧的人“疯狗”“小学生暑假啦”，并嘲讽番剧根本没人看，不配让他道歉4加一条，5年前就开始偷aph的东西了，是个惯犯来洗地的粉丝，你giegie这三点道歉，他做到哪点了?随便转发，不客气[脱单doge]（复制评论）“告我啊，求求你了”[微笑],2021-07-17 02:27:14,49
▬▬▬▬.◙.▬▬▬▬    ▂▄▄▓▄▄▂◢◤ █▀▀████▄▄▄▄◢◤█ 白嫖专用逃跑机[doge] █▀……╬    ◥██████◤   ══╩══╩══（一个赞一张票）,2021-02-12 14:40:48,72
艾辰黑历史（请多多宣传一下） 1，骂阴阳怪气，说他们只是炒作。2.原头像描图亚瑟柯克兰，态度极其恶劣 3.视频《痒》直接盗用aph的图(小菊亚瑟)（【艾辰】痒（受音&攻音）骚起来自己都害怕自己） 4.无版权翻唱撒野还魔改 5.现头像人设是偷的零度恋人的，来人细说 6.《念》Pv是描冰菓的 7.酷狗音乐《醉赤壁》用的是英的那张图 8.弦森要求《千灯愿》全网下架后艾辰继续翻唱，弦森礼貌提醒其删除后被拒绝，其粉丝还去骂弦森 9.盗图《恋与制作人》中的白起 10.网易云音乐《情话》封面是本田菊和本田樱的同人图 11.微博小店仍试用亚瑟柯克兰的图片作为头像 12.使用动漫《文豪野犬》作为视频素材没有标明评论来源：lof 吃瓜群众在线搞事,2021-08-15 18:14:56,65
宁这唱的还没亚瑟的死杠好听,2021-07-17 12:23:59,102
素材动漫：《悠久之翼》 《境界的彼方》电影：《天气之子》  《海兽之子》 《你的名字》《海边的异邦人》短片：《十字路口》loundraw短片宣传pv（我也不是很懂）：《直到梦醒时分》《物語を君へ》《十年分の私へ》（给十年后的自己） 《君のしいる場所》（你所存在的地方）《CHRONIOLE》待补充，有漏，来晚了w,2021-01-22 19:43:31,59
这是路过的蚂蚁都要喊绝的程度[doge][doge][doge],2021-01-22 18:18:27,79
养老院什么都缺，就是不缺人来叫盗图狗道歉，好好看看你被占领的评论区和弹幕,2021-07-20 11:45:51,46
给爷刷上去，养老院的老人们[doge][doge][doge][doge],2021-07-19 20:58:24,46
描图大师艾辰别忘了道歉哦～[脱单doge],2021-07-16 02:22:28,46
反转了姐妹们，这波是奥利弗柯克兰为了预祝亚瑟柯克兰输球创作的歌曲[脱单doge][脱单doge],2021-07-14 21:41:20,46
艾辰的头像是黑塔利亚人物:亚瑟·柯克兰，加上了自己的元素，很多人希望艾辰换个头像，可他头像没有换并且说话很难听，因为态度恶劣并且占着我们喜欢的人物描图所以我们来冲艾辰，希望头脑清醒的姐妹理智脱粉，有些不明所以的姐妹可以代入自己非常喜欢的角色被人描图做头像，不但不换头像且态度十分恶劣，我相信你如果不是找不愉快就应该理智脱粉，离这种晦气的人远一些。希望大家都能理智，清醒，如果这条被删掉，我还是会发，直到艾辰道歉为止！谢谢大家看完这段话。【复制】,2021-07-14 17:05:29,46
英厨狂怒,2021-07-13 18:30:28,46
晦气,2021-07-13 11:51:08,46
换头像,2021-07-10 16:51:14,46
在，头像？,2021-07-10 14:47:34,46
歌特别好听，所以我把它设成了我的闹钟铃声，从第一次这个闹钟响起开始，我听到这首歌就莫名恐惧。[doge],2021-01-29 21:04:10,58
此时一个自信的少女打开了全民K歌[脱单doge],2021-02-17 19:45:50,57
趁着眉毛子在中国当唱见，我悄咪咪说一声亚瑟柯克兰老子爱你,2021-07-14 08:04:11,45
道歉道歉道歉道歉道歉道歉道歉道歉道歉道歉道歉道歉道歉,2021-07-14 01:59:38,45
拜托眉毛都敢描 智力沙漠了属于是 亚瑟我是你粉丝啊——,2021-07-13 17:40:02,45
请您更换头像,2021-07-10 14:02:45,45
在，改个头像？[微笑],2021-07-10 13:26:49,45
几次了？前面的《千灯愿》我可以说我没太爱天官，《撒野》可以说是宠粉太过了，那这次呢？全民K歌的时候是粉丝带着你步入正途，你就是这样“成为粉丝的亚瑟的”？酷狗软件很多歌都缺版权，咱用几年为了谁宁没点数？就这样“宠粉”，连个自设都不愿意找个画师原创？你宠粉但你在tag里带动粉丝搞露脸欺诈，溜粉溜上一年才露脸你好nb哦。你的原创歌曲我基本每首都会背歌词，和朋友去ktv只有我一人点你的歌唱完，宁出事后朋友就算讨厌宁，却仍试探我的态度，都知道我粉你三年，是真的喜欢你的歌，而你就是这么对粉丝的？？？阴阳怪气是假的是热度那你和vk呢？你的歌曲评论区下面那么多真情实感嗑cp的（不是开玩笑的语气）评论宁不管，我以为是宁放的开，原来只是炒作而已为了热度罢了太ex了，你作为创作者，你应该知道版权的重要性，vk（作为你口中的朋友）曾经被全民K歌坑过，你应该知道这样子的伤害很大，你却义无反顾的走上了这条伤害别人的路，虽然对方只是一个没有实体的动漫人物。很失望，我曾经对你的三年的爱让我无法真的骂你骂的多凶残，但是你真的…很出乎意料，情绪不是一下子爆发的，以前的很多次擦边球都是在消耗粉丝的热情，你卖和粉丝打成一片的人设，宠粉人设，歌曲评论区像饭圈，你还乐在其中，没有人评价唱功，只是一群人在发你干了什么该干的事情，变成了宠粉的事情，其实你最出圈的翻唱是什么你自己也清楚，“扇子舞”作为最出圈的翻唱你仍不动于衷甚至享受带来的红利，兴许你才是最爱热度，为了热度的那个人罢了。,2021-07-19 14:55:22,51
怎么会有形容爱而不得形容得这么好的词和曲啊,2021-01-27 18:18:50,61
（复制评论）艾辰的头像是黑塔利亚人物:亚瑟·柯克兰，加上了自己的元素，很多人希望艾辰换个头像，可他头像没有换并且说话很难听，因为态度恶劣并且占着我们喜欢的人物描图所以我们来冲艾辰，希望头脑清醒的姐妹理智脱粉，有些不明所以的姐妹可以代入自己非常喜欢的角色被人描图做头像，不但不换头像且态度十分恶劣，我相信你如果不是找不愉快就应该理智脱粉，离这种晦气的人远一些。希望大家都能理智，清醒，如果这条被删掉，我还是会发，直到艾辰道歉为止！谢谢大家看完这段话来，我发一下大家想要的道歉:1头像描图亚瑟，已找到原画师，请向原画师道歉，画师本人素质好被偷了东西不追究不代表小偷是对的，不代表小偷有脸继续使用这些东西2看番剧的友善提醒换头像，ac回复:来告我啊，求求你了。足以看出此人素质低下，无版权意识，建议ac的歌可以全部无授权使用，毕竟这是本人的态度(虽然估计没人瞧的上)3直播辱骂看番剧的人“疯狗”“小学生暑假啦”，并嘲讽番剧根本没人看，不配让他道歉4加一条，5年前就开始偷aph的东西了，是个惯犯来洗地的粉丝，你giegie这三点道歉，他做到哪点了?随便转发，不客气（复制评论）“告我啊，求求你了”￼----------------------------来自于快乐学习在歌曲<<来不及说再见>>的酷狗评论,2021-07-17 12:49:46,44
UK，welcome to bilibili！！！,2021-07-14 13:00:16,44
好晦气哦,2021-07-13 18:30:36,44
没想到亚瑟在b站还有一首播放这么多的歌啊不错不错[微笑],2021-07-13 14:41:19,44
🇬🇧他是赛文河畔最动人的玫瑰🇬🇧🇬🇧他祖母绿的眸子里映的是日不落的曙光🇬🇧🇬🇧泰晤士河上空的残阳，是他光荣不散的余晖🇬🇧🇬🇧伦敦避无可避的落雨街巷，我寻无所寻的凡心所向🇬🇧🇬🇧日不落的光辉已经远去，但他激起的浪花撞击在你的胸膛🇬🇧🇬🇧他用魔法吟唱着唤起奇迹的咒语，带着红茶与玫瑰降临在这个世界🇬🇧🇬🇧我爱的人有着一头沙金色的短发，祖母绿色的眼眸无论何时都那样温柔🇬🇧,2021-07-25 17:20:33,50
如果爱有天意，也许李泽言会来到我的世界,2021-02-13 22:04:49,50
说高光抄袭那几位，你们说的每一句话怕不是都是抄袭别人的吧？这个世界上不同的人有相同的想法不很正常？不然陌生人之间哪来那么多共鸣？你这也说抄袭的话那你现在说的每一个字，每一句话不都是抄袭先人说过的？你这不也算抄袭？那我是不是可以告你了？就离谱，看不得别人火是不是？,2021-02-07 19:43:26,79
求扩散艾辰黑历史（请多多宣传一下） 1，骂阴阳怪气，说他们只是炒作。2.原头像描图亚瑟柯克兰，态度极其恶劣 3.视频《痒》直接盗用aph的图(小菊亚瑟)（【艾辰】痒（受音&攻音）骚起来自己都害怕自己） 4.无版权翻唱撒野还魔改 5.现头像人设是偷的零度恋人的，来人细说 6.《念》Pv是描冰菓的 7.酷狗音乐《醉赤壁》用的是英的那张图 8.弦森要求《千灯愿》全网下架后艾辰继续翻唱，弦森礼貌提醒其删除后被拒绝，其粉丝还去骂弦森 9.盗图《恋与制作人》中的白起 10.网易云音乐《情话》封面是本田菊和本田樱的同人图 11.微博小店仍试用亚瑟柯克兰的图片作为头像 12.使用动漫《文豪野犬》作为视频素材没有标明评论来源：lof 吃瓜群众在线搞事,2021-08-12 22:05:50,43
道个歉吧，作为有名气的歌手对于描图等等一些影响不好的问题不该有担当态度吗,2021-07-19 20:25:56,43
艾辰的头像是黑塔利亚人物:亚瑟·柯克兰，加上了自己的元素，很多人希望艾辰换个头像，可他头像没有换并且说话很难听，因为态度恶劣并且占着我们喜欢的人物描图所以我们来冲艾辰，希望头脑清醒的姐妹理智脱粉，有些不明所以的姐妹可以代入自己非常喜欢的角色被人描图做头像，不但不换头像且态度十分恶劣，我相信你如果不是找不愉快就应该理智脱粉，离这种晦气的人远一些。希望大家都能理智，清醒，如果这条被删掉，我还是会发，直到艾辰道歉为止！谢谢大家看完这段话。【复制】,2021-07-14 18:05:17,43
道歉！道歉！真以为我们养老院没人了？！！,2021-07-14 09:35:36,43
换头像[星星眼]还是说你想归到亚瑟手下管辖[星星眼],2021-07-13 17:05:59,43
艾辰黑历史（请多多宣传一下） 1，骂阴阳怪气，说他们只是炒作。2.原头像描图亚瑟柯克兰，态度极其恶劣 3.视频《痒》直接盗用aph的图(小菊亚瑟)（【艾辰】痒（受音&攻音）骚起来自己都害怕自己） 4.无版权翻唱撒野还魔改 5.现头像人设是偷的零度恋人的，来人细说 6.《念》Pv是描冰菓的 7.酷狗音乐《醉赤壁》用的是英的那张图 8.弦森要求《千灯愿》全网下架后艾辰继续翻唱，弦森礼貌提醒其删除后被拒绝，其粉丝还去骂弦森 9.盗图《恋与制作人》中的白起 10.网易云音乐《情话》封面是本田菊和本田樱的同人图 11.微博小店仍试用亚瑟柯克兰的图片作为头像 12.使用动漫《文豪野犬》作为视频素材没有标明评论来源：lof 吃瓜群众在线搞事,2021-08-19 18:31:11,54
鬼火了艾辰发布错位时空三天就被下架发布DJ版的又是三天被下架然后翻唱艾辰这首歌的好听的都被下架了我TM用心做了几个小时艾辰原唱«错位时空»的MV发布后不但封面被改画质也变得很拉胯现在又是三天就把我下架了[生气][生气][生气][生气][生气],2021-02-02 21:31:09,68
晦气！！以为养老院没人了是吧,2021-07-14 10:18:20,42
删评论删弹幕挺快的啊,2021-07-14 09:02:17,42
#亚瑟柯克兰 来中国当唱见#,2021-07-13 22:47:36,42
在？换头像呗,2021-07-10 15:24:53,42
同志们 咱狙他的目的是为了让他道歉，事情闹大了谁也不好看  建议大家不要进行人身攻击给圈子招黑，就事论事，“某某唱见被某圈粉丝逼到退圈”这肯定会给圈子带来影响。希望大家能克制情绪，不要让别人抓住把柄,2021-07-18 23:35:18,41
自己黑历史一大堆还描图，得了吧你就是唱见圈xz啊，糊糊糊糊糊糊糊,2021-07-15 20:11:31,41
🇬🇧他是赛文河畔最动人的玫瑰🇬🇧🇬🇧他祖母绿的眸子里映的是日不落的曙光🇬🇧🇬🇧泰晤士河上空的残阳，是他光荣不散的余晖🇬🇧🇬🇧伦敦避无可避的落雨街巷，我寻无所寻的凡心所向🇬🇧🇬🇧日不落的光辉已经远去，但他激起的浪花撞击在你的胸膛🇬🇧🇬🇧他用魔法吟唱着唤起奇迹的咒语，带着红茶与玫瑰降临在这个世界🇬🇧🇬🇧我爱的人有🇬🇧他是赛文河畔最动人的玫瑰🇬🇧🇬🇧他祖母绿的眸子里映的是日不落的曙光🇬🇧🇬🇧泰晤士河上空的残阳，是他光荣不散的余晖🇬🇧🇬🇧伦敦避无可避的落雨街巷，我寻无所寻的凡心所向🇬🇧🇬🇧日不落的光辉已经远去，但他激起的浪花撞击在你的胸膛🇬🇧🇬🇧他用魔法吟唱着唤起奇迹的咒语，带着红茶与玫瑰降临在这个世界🇬🇧🇬🇧我爱的人有着一头沙金色的短发，祖母绿色的眼眸无论何时都那样温柔🇬🇧着一头沙金色的短发，祖母绿色的眼眸无论何时都那样温柔🇬🇧,2021-07-15 15:36:33,41
这么大一个up不至于头像都约不了吧,2021-07-11 13:21:17,41
晚上好，唱见圈xz，每日礼貌一问，请问宁糊了吗之前评论有个姐妹说宁道歉了让我删评，我删了，但最近又看见了宁的瓜，看了宁还是一如既往的恶心啊[给心心]希望宁早日凉透糊穿宇宙呢[给心心]真当冰菓和aph没人粉啊[给心心]还是希望宁能趁早和zs结婚，好一起糊透烂，也方便我们这些网友给你们翻面——糊得更彻底一点[给心心],2021-08-12 00:10:43,46
艾辰黑历史合集：均  已  石  锤1.原头像描图亚瑟柯克兰，态度极其恶劣，且并不是全然无知，17年用原图做过头像2.视频《痒》直接盗用aph的图(小菊亚瑟)（【艾辰】痒（受音&攻音）骚起来自己都害怕自己）3.无版权翻唱撒野还魔改4.现头像人设是偷的零度恋人的，来人细说5.《念》Pv是描冰菓的6.酷狗音乐《醉赤壁》，网易云音乐《入戏太深》《踏山河》用的是英的那张图7.弦森要求《千灯愿》全网下架后艾辰继续翻唱，弦森礼貌提醒其删除后被拒绝，其粉丝还去骂弦森8.盗图《恋与制作人》中的白起9.网易云音乐《情话》封面是本田菊和本田樱的同人图10.微博小店仍试用亚瑟柯克兰的图片作为头像11.使用动漫《文豪野犬》作为视频素材没有标明出处（【艾辰】——感官先生，视频名叫“感官先生”）12.《君不见》（【艾辰】君不见）碰瓷剑网三13.《明灯引》歌词灵感来于《天官赐福》但不让说，歌词抄袭《天官赐福》，封面歌名也碰瓷该作品14.初期头像描图排骨教主15.碰瓷《二哈和他的白猫师尊》主题曲16.现B站背景为《黑塔利亚》角色亚瑟.柯克兰之前被侵权描改做头像那张图的翻描，而原作者曾表示禁止再次使用。,2021-07-25 11:38:53,56
他用魔法吟唱着唤起奇迹的咒语，带着红茶与玫瑰降临在这个世界泰晤士河上空的残阳，是他光荣不散的余晖,2021-07-17 10:43:24,40
艾辰黑历史：1原头像描图亚瑟柯克兰，态度极其恶劣2视频直接盗用aph的图(小菊亚瑟)3无版权翻唱撒野还魔改4现头像人设是偷的零度恋人的，来人细说5《念》Pv是描冰果的6网易云专辑又偷小菊和樱的图7天宫同人曲翻唱，封面bl改bg(还是自己为男主)(还有一个不确定的，说是初期头像描图排骨教主),2021-07-17 10:40:46,40
看大家一直在这里骂他也没什么意思，不如我们学着老福特的样子把这一变成扩列楼得了[藏狐],2021-07-14 20:03:48,40
万万没想到，此人竟然是唱见圈xz,2021-07-14 10:29:01,40
".                        /´ /)                        /¯ ../                     /... ./                    /... ./              /´¯/ .../´¯`.¸          //.../... ./... ....--        ((...´(... ....... ,~/...)         \.......... ..... ..\/..../           ...\.... ..... . _..´             \....... ..... ..(               \..... ..... ...\ 描图biss，画手震怒",2021-07-11 02:16:30,40
恶心 向我们英厨道歉以及和画手道歉[微笑],2021-07-13 14:34:12,45
晚上好，唱见圈xz，请尽早糊穿地心噢[给心心],2021-08-13 00:08:30,50
呜呜呜，怎么可能会有人讨厌长的帅，声音又好听，傲娇还温柔的人啊[大哭]。。。。。。。。。。嗯？你问我说的是谁？当然是我家老公柯克兰先生啊[脱单doge],2021-07-16 12:12:37,39
UK/UK/UK/UK/UK/UK/UK/UK/UK/UK/UK/UK/UK/UK/UK/UK/UK/UK/UK/UK/UK/UK/UK/UK/UK/UK/UK/UK/UK/UK/UK/UK/UK/UK/UK/UK/UK/UK/UK/UK/UK/UK/UK/UK/UK/UK/UK/UK/UK/UK/UK/UK/UK/UK/UK/UK/UK/UK/UK/UK/UK/UK/UK/UK/UK/UK/UK/UK/UK/UK/UK/UK/UK/UK/UK/UK/UK/UK/UK/UK/UK/UK/UK/UK/UK/UK/UK/UK/UK/UK/UK/UK/UK/UK/UK/UK/UK/UK/UK/UK/UK/UK/UK/UK/UK/UK/UK/UK/UK/UK/UK/UK/UK/UK/UK/UK/UK/UK/UK/UK/UK/UK/UK/UK/UK/UK/UK/UK/UK/UK/UK/UK/UK/UK/UK/UK/UK/UK/UK/UK/UK/UK/UK/UK/UK/UK/UK/UK/UK/UK/UK/UK/UK/UK/UK/UK/UK/UK/UK/UK/UK/UK/UK/UK/UK/UK/UK/UK/UK/UK/UK/UK/UK/UK/UK/UK/UK/UK/UK/UK/UK/UK/UK/UK/UK/UK/UK/UK/UK/UK/UK/UK/UK/UK/UK/UK/UK/UK/UK/UK/UK/UK/UK/UK/UK/UK/UK/UK/UK/UK/UK/UK/UK/UK/UK/UK/UK/UK/UK/UK/UK/UK/UK/UK/UK/UK/UK/UK/UK/UK/UK/UK/UK/UK/UK/UK/UK/UK/UK/UK/UK/UK/UK/UK/UK/UK/UK/UK/UK/UK/UK/UK/UK/UK/UK/UK/UK/UK/UK/UK/UK/UK/UK/UK/UK/UK/UK/UK/UK/UK/UK/UK/UK/UK/UK/UK/UK/UK/UK/UK/UK/UK/UK/UK/UK/UK/UK/UK/UK/UK/UK/UK/UK/UK/UK/UK/UK/UK/UK/UK/UK/UK/UK/UK/UK/UK/UK/UK/UK/UK/UK/UK/UK/UK/UK/UK/UK/UK/UK/UK/UK/UK,2021-07-15 12:31:36,39
我现在不是英厨，但亚瑟也是我入坑的初心，这个可爱的国/家不是你可以随便羞辱的，aph厨的爱不是你可以践踏的,2021-07-14 19:51:47,39
来等道歉的朋友记得点个踩发电弹幕提醒再走[脱单doge][脱单doge][脱单doge][脱单doge]我顺便发个祝福:ac与xz百年好合。描图还骂番的人不配哈[脱单doge],2021-07-14 17:46:30,39
被这首歌虐过的瓶邪黑花人赶来[大哭],2021-02-01 03:10:37,49
请问宁是哪块殖民地[doge],2021-07-14 17:28:11,62
好吧，断断续续的了解了下。当初我用B站只看番时，就从音乐软件听过他歌了，也算个粉丝（听歌的那种）。就是，没想到音乐区的up能搞出这么多事。取关献上,2021-07-20 00:47:44,38
艾辰的原头像是黑塔利亚人物:亚瑟·柯克兰，加上了自己的元素，很多人希望艾辰换个头像，可他头像没有换并且说话很难听，因为态度恶劣并且占着我们喜欢的人物描图所以我们来冲艾辰，希望头脑清醒的姐妹理智脱粉，有些不明所以的姐妹可以代入自己非常喜欢的角色被人描图做头像，不但不换头像且态度十分恶劣，我相信你如果不是找不愉快就应该理智脱粉，离这种晦气的人远一些。希望大家都能理智，清醒，如果这条被删掉，我还是会发，直到艾辰道歉为止！谢谢大家看完这段话。（转）,2021-07-20 18:10:57,43
求扩散艾辰黑历史（请多多宣传一下） 1，骂阴阳怪气，说他们只是炒作。2.原头像描图亚瑟柯克兰，态度极其恶劣 3.视频《痒》直接盗用aph的图(小菊亚瑟)（【艾辰】痒（受音&攻音）骚起来自己都害怕自己） 4.无版权翻唱撒野还魔改 5.现头像人设是偷的零度恋人的，来人细说 6.《念》Pv是描冰菓的 7.酷狗音乐《醉赤壁》用的是英的那张图 8.弦森要求《千灯愿》全网下架后艾辰继续翻唱，弦森礼貌提醒其删除后被拒绝，其粉丝还去骂弦森 9.盗图《恋与制作人》中的白起 10.网易云音乐《情话》封面是本田菊和本田樱的同人图 11.微博小店仍试用亚瑟柯克兰的图片作为头像 12.使用动漫《文豪野犬》作为视频素材没有标明评论来源：lof 吃瓜群众在线搞事,2021-08-18 13:02:41,61
"艾辰黑历史合集：均  已  石  锤1.原头像描图亚瑟柯克兰，态度极其恶劣，且并不是全然无知，17年用原图做过头像2.视频《痒》直接盗用aph的图(小菊亚瑟)（【艾辰】痒（受音&攻音）骚起来自己都害怕自己）3.无版权翻唱撒野还魔改4.现头像人设是偷的零度恋人的，来人细说5.《念》Pv是描冰菓的6.酷狗音乐《醉赤壁》，网易云音乐《入戏太深》《踏山河》用的是英的那张图7.弦森要求《千灯愿》全网下架后艾辰继续翻唱，弦森礼貌提醒其删除后被拒绝，其粉丝还去骂弦森8.盗图《恋与制作人》中的白起9.网易云音乐《情话》封面是本田菊和本田樱的同人图10.微博小店仍试用亚瑟柯克兰的图片作为头像11.使用动漫《文豪野犬》作为视频素材没有标明出处（【艾辰】——感官先生，视频名叫“感官先生”）12.《君不见》（【艾辰】君不见）碰瓷剑网三13.《明灯引》歌词灵感来于《天官赐福》但不让说，歌词抄袭《天官赐福》，封面歌名也碰瓷该作品14.初期头像描图排骨教主15.碰瓷《二哈和他的白猫师尊》主题曲16.现B站背景为《黑塔利亚》角色亚瑟.柯克兰之前被侵权描改做头像那张图的翻描，而原作者曾表示禁止再次使用。  17.轻视绘圈，之前找画手约头像的时候有明显侮辱言论""赚钱的活还不干""(意思就是画手人均见钱眼开)",2021-07-31 23:33:59,37
艾辰那么爱抄袭，当心被迷你世界盯上[doge][doge][doge][热词系列_你细品],2021-07-20 20:29:20,37
（转）姐妹们姐妹们，现在艾辰可能不会管b站这边了，艾晨昨天又在dy发布了歌，我们现在应该把战力转移到dy那边，抖音现在姐妹少的可怜[时光代理人_来活了],2021-07-19 14:16:21,37
