商店名,标签信息
玉兰油（OLAY）大红瓶面霜50g,清爽舒适(342)
玉兰油（OLAY）大红瓶面霜50g,比较高档(120)
玉兰油（OLAY）大红瓶面霜50g,质地柔软舒适(56)
玉兰油（OLAY）大红瓶面霜50g,长期使用(33)
玉兰油（OLAY）大红瓶面霜50g,淡化细纹(22)
玉兰油（OLAY）大红瓶面霜50g,补水保湿(8)
玉兰油（OLAY）大红瓶面霜50g,不会粘手(2)
玉兰油（OLAY）大红瓶面霜50g,不油腻不粘手(1)
玉兰油（OLAY）大红瓶面霜50g,出雾均匀(1)
玉兰油（OLAY）大红瓶面霜50g,补水淡斑(1)
玉兰油（OLAY）大红瓶面霜50g,变得透亮(1)
玉兰油（OLAY）大红瓶面霜50g,环保节约(1)
科颜氏（Kiehl's）高保湿面霜50ml,清爽舒适(57)
科颜氏（Kiehl's）高保湿面霜50ml,极其好用(53)
科颜氏（Kiehl's）高保湿面霜50ml,补水效果棒(12)
科颜氏（Kiehl's）高保湿面霜50ml,质地细腻(7)
科颜氏（Kiehl's）高保湿面霜50ml,质地一流(5)
科颜氏（Kiehl's）高保湿面霜50ml,颜色漂亮(5)
科颜氏（Kiehl's）高保湿面霜50ml,精致美观(4)
科颜氏（Kiehl's）高保湿面霜50ml,安全可靠(1)
科颜氏（Kiehl's）高保湿面霜50ml,分量十足(1)
科颜氏（Kiehl's）高保湿面霜50ml,使用良好(1)
科颜氏（Kiehl's）高保湿面霜50ml,不会伤皮肤(1)
珂润（Curel）润浸保湿滋养乳霜40g,质地一流(43)
珂润（Curel）润浸保湿滋养乳霜40g,质地细腻(43)
珂润（Curel）润浸保湿滋养乳霜40g,无刺激性(18)
珂润（Curel）润浸保湿滋养乳霜40g,安全可靠(15)
珂润（Curel）润浸保湿滋养乳霜40g,材质上乘(5)
珂润（Curel）润浸保湿滋养乳霜40g,没有异味(5)
珂润（Curel）润浸保湿滋养乳霜40g,容易涂抹(4)
珂润（Curel）润浸保湿滋养乳霜40g,修复受损肌肤(2)
珂润（Curel）润浸保湿滋养乳霜40g,深层清理(2)
珂润（Curel）润浸保湿滋养乳霜40g,皮肤白嫩(2)
珂润（Curel）润浸保湿滋养乳霜40g,安全环保(2)
珂润（Curel）润浸保湿滋养乳霜40g,轻薄细腻(1)
